COD_NAT_DESPESA;Natureza Despesa;COD_NAT_DETALHADA;Natureza Despesa Detalhada;Métrica;Mês;Empenhado;Liquidado;Porcentagem Empenhado;Porcentagem Liquidado
339047;OBRIGACOES TRIBUTARIAS E CONTRIBUTIVAS;33904708;IMPOSTO S/SERVICOS DE QUALQUER NATUREZA-ISSQN;JAN/2024;01/2024;37,86;37,86;0,00%;0,00%
339040;SERVICOS DE TECNOLOGIA DA INFORMACAO E COMUNICACAO - PJ;33904016;OUTSOURCING DE IMPRESSAO;JAN/2024;01/2024;3.500,00;;0,03%;
339040;SERVICOS DE TECNOLOGIA DA INFORMACAO E COMUNICACAO - PJ;33904023;EMISSAO DE CERTIFICADOS DIGITAIS;JAN/2024;01/2024;221,22;;0,00%;
339039;OUTROS SERVICOS DE TERCEIROS - PESSOA JURIDICA;33903925;TAXA DE ADMINISTRACAO;JAN/2024;01/2024;3.979,80;;0,04%;
339039;OUTROS SERVICOS DE TERCEIROS - PESSOA JURIDICA;33903943;SERVICOS DE ENERGIA ELETRICA;JAN/2024;01/2024;12.800,00;12.166,33;0,12%;0,12%
339039;OUTROS SERVICOS DE TERCEIROS - PESSOA JURIDICA;33903944;SERVICOS DE AGUA E ESGOTO;JAN/2024;01/2024;3.000,00;1.477,84;0,03%;0,01%
339039;OUTROS SERVICOS DE TERCEIROS - PESSOA JURIDICA;33903958;SERVICOS DE TELECOMUNICACOES;JAN/2024;01/2024;620,22;620,22;0,01%;0,01%
339039;OUTROS SERVICOS DE TERCEIROS - PESSOA JURIDICA;33903969;SEGUROS EM GERAL;JAN/2024;01/2024;980;;0,01%;
339039;OUTROS SERVICOS DE TERCEIROS - PESSOA JURIDICA;33903978;LIMPEZA E CONSERVACAO;JAN/2024;01/2024;16.995,04;1.565,53;0,16%;0,02%
339037;LOCACAO DE MAO-DE-OBRA;33903701;APOIO ADMINISTRATIVO, TECNICO E OPERACIONAL;JAN/2024;01/2024;146.240,83;130.828,58;1,42%;1,27%
339036;OUTROS SERVICOS DE TERCEIROS - PESSOA FISICA;33903602;DIARIAS A COLABORADORES EVENTUAIS NO PAIS;JAN/2024;01/2024;500;;0,00%;
339014;DIARIAS - PESSOAL CIVIL;33901414;DIARIAS NO PAIS;JAN/2024;01/2024;6.000,00;;0,06%;
339047;OBRIGACOES TRIBUTARIAS E CONTRIBUTIVAS;33904708;IMPOSTO S/SERVICOS DE QUALQUER NATUREZA-ISSQN;FEV/2024;02/2024;41,65;41,65;0,00%;0,00%
339047;OBRIGACOES TRIBUTARIAS E CONTRIBUTIVAS;33904722;CONTRIBUICAO P/ CUSTEIO DE ILUMINACAO PUBLICA;FEV/2024;02/2024;9.509,36;1.170,08;0,09%;0,01%
339040;SERVICOS DE TECNOLOGIA DA INFORMACAO E COMUNICACAO - PJ;33904013;COMUNICACAO DE DADOS E REDES EM GERAL;FEV/2024;02/2024;4.800,00;4.800,00;0,05%;0,05%
339040;SERVICOS DE TECNOLOGIA DA INFORMACAO E COMUNICACAO - PJ;33904016;OUTSOURCING DE IMPRESSAO;FEV/2024;02/2024;8.000,00;3.421,54;0,08%;0,03%
339040;SERVICOS DE TECNOLOGIA DA INFORMACAO E COMUNICACAO - PJ;33904023;EMISSAO DE CERTIFICADOS DIGITAIS;FEV/2024;02/2024;0;147,48;0,00%;0,00%
339039;OUTROS SERVICOS DE TERCEIROS - PESSOA JURIDICA;33903941;FORNECIMENTO DE ALIMENTACAO;FEV/2024;02/2024;55.000,00;;0,53%;
339039;OUTROS SERVICOS DE TERCEIROS - PESSOA JURIDICA;33903943;SERVICOS DE ENERGIA ELETRICA;FEV/2024;02/2024;60.900,00;25.387,40;0,59%;0,25%
339039;OUTROS SERVICOS DE TERCEIROS - PESSOA JURIDICA;33903944;SERVICOS DE AGUA E ESGOTO;FEV/2024;02/2024;4.477,84;4.483,81;0,04%;0,04%
339039;OUTROS SERVICOS DE TERCEIROS - PESSOA JURIDICA;33903958;SERVICOS DE TELECOMUNICACOES;FEV/2024;02/2024;1.500,07;633,6;0,01%;0,01%
339039;OUTROS SERVICOS DE TERCEIROS - PESSOA JURIDICA;33903978;LIMPEZA E CONSERVACAO;FEV/2024;02/2024;1.602,41;15.386,32;0,02%;0,15%
339037;LOCACAO DE MAO-DE-OBRA;33903701;APOIO ADMINISTRATIVO, TECNICO E OPERACIONAL;FEV/2024;02/2024;132.899,24;34.094,07;1,29%;0,33%
339037;LOCACAO DE MAO-DE-OBRA;33903704;MANUTENCAO E CONSERVACAO DE BENS IMOVEIS;FEV/2024;02/2024;23.969,24;;0,23%;
339030;MATERIAL DE CONSUMO;33903006;ALIMENTOS PARA ANIMAIS;FEV/2024;02/2024;39.300,80;;0,38%;
339030;MATERIAL DE CONSUMO;33903031;SEMENTES, MUDAS DE PLANTAS E INSUMOS;FEV/2024;02/2024;1.435,80;;0,01%;
339047;OBRIGACOES TRIBUTARIAS E CONTRIBUTIVAS;33904708;IMPOSTO S/SERVICOS DE QUALQUER NATUREZA-ISSQN;MAR/2024;03/2024;30,81;30,81;0,00%;0,00%
339047;OBRIGACOES TRIBUTARIAS E CONTRIBUTIVAS;33904710;TAXAS;MAR/2024;03/2024;156,8;156,8;0,00%;0,00%
339047;OBRIGACOES TRIBUTARIAS E CONTRIBUTIVAS;33904722;CONTRIBUICAO P/ CUSTEIO DE ILUMINACAO PUBLICA;MAR/2024;03/2024;0;1.585,04;0,00%;0,02%
339040;SERVICOS DE TECNOLOGIA DA INFORMACAO E COMUNICACAO - PJ;33904013;COMUNICACAO DE DADOS E REDES EM GERAL;MAR/2024;03/2024;0;0;0,00%;0,00%
339040;SERVICOS DE TECNOLOGIA DA INFORMACAO E COMUNICACAO - PJ;33904016;OUTSOURCING DE IMPRESSAO;MAR/2024;03/2024;5.000,55;7.779,92;0,05%;0,08%
339040;SERVICOS DE TECNOLOGIA DA INFORMACAO E COMUNICACAO - PJ;33904023;EMISSAO DE CERTIFICADOS DIGITAIS;MAR/2024;03/2024;121;;0,00%;
339039;OUTROS SERVICOS DE TERCEIROS - PESSOA JURIDICA;33903941;FORNECIMENTO DE ALIMENTACAO;MAR/2024;03/2024;80.000,00;132.986,44;0,78%;1,29%
339039;OUTROS SERVICOS DE TERCEIROS - PESSOA JURIDICA;33903943;SERVICOS DE ENERGIA ELETRICA;MAR/2024;03/2024;39.000,00;39.742,26;0,38%;0,39%
339039;OUTROS SERVICOS DE TERCEIROS - PESSOA JURIDICA;33903944;SERVICOS DE AGUA E ESGOTO;MAR/2024;03/2024;10.000,00;4.514,63;0,10%;0,04%
339039;OUTROS SERVICOS DE TERCEIROS - PESSOA JURIDICA;33903947;SERVICOS DE COMUNICACAO EM GERAL;MAR/2024;03/2024;1.000,00;167,53;0,01%;0,00%
339039;OUTROS SERVICOS DE TERCEIROS - PESSOA JURIDICA;33903958;SERVICOS DE TELECOMUNICACOES;MAR/2024;03/2024;0;666,36;0,00%;0,01%
339039;OUTROS SERVICOS DE TERCEIROS - PESSOA JURIDICA;33903969;SEGUROS EM GERAL;MAR/2024;03/2024;404,2;404,2;0,00%;0,00%
339039;OUTROS SERVICOS DE TERCEIROS - PESSOA JURIDICA;33903978;LIMPEZA E CONSERVACAO;MAR/2024;03/2024;1.600,01;3.058,24;0,02%;0,03%
339037;LOCACAO DE MAO-DE-OBRA;33903701;APOIO ADMINISTRATIVO, TECNICO E OPERACIONAL;MAR/2024;03/2024;279.000,00;285.595,68;2,71%;2,77%
339037;LOCACAO DE MAO-DE-OBRA;33903704;MANUTENCAO E CONSERVACAO DE BENS IMOVEIS;MAR/2024;03/2024;24.000,00;31.400,25;0,23%;0,30%
339030;MATERIAL DE CONSUMO;33903006;ALIMENTOS PARA ANIMAIS;MAR/2024;03/2024;1.536,15;23.983,30;0,01%;0,23%
339030;MATERIAL DE CONSUMO;33903007;GENEROS DE ALIMENTACAO;MAR/2024;03/2024;974,77;;0,01%;
339030;MATERIAL DE CONSUMO;33903012;MATERIAL DE COUDELARIA OU DE USO ZOOTECNICO;MAR/2024;03/2024;2.583,00;;0,03%;
339030;MATERIAL DE CONSUMO;33903018;MATERIAIS E MEDICAMENTOS P/ USO VETERINARIO;MAR/2024;03/2024;26.599,19;0;0,26%;0,00%
339030;MATERIAL DE CONSUMO;33903019;MATERIAL DE ACONDICIONAMENTO E EMBALAGEM;MAR/2024;03/2024;1,88;;0,00%;
339030;MATERIAL DE CONSUMO;33903022;MATERIAL DE LIMPEZA E PROD. DE HIGIENIZACAO;MAR/2024;03/2024;103,6;;0,00%;
339030;MATERIAL DE CONSUMO;33903024;MATERIAL P/ MANUT.DE BENS IMOVEIS/INSTALACOES;MAR/2024;03/2024;28.011,09;4.562,05;0,27%;0,04%
339030;MATERIAL DE CONSUMO;33903025;MATERIAL P/ MANUTENCAO DE BENS MOVEIS;MAR/2024;03/2024;542,5;;0,01%;
339030;MATERIAL DE CONSUMO;33903026;MATERIAL ELETRICO E ELETRONICO;MAR/2024;03/2024;6.985,00;;0,07%;
339030;MATERIAL DE CONSUMO;33903028;MATERIAL DE PROTECAO E SEGURANCA;MAR/2024;03/2024;1.172,60;;0,01%;
339030;MATERIAL DE CONSUMO;33903031;SEMENTES, MUDAS DE PLANTAS E INSUMOS;MAR/2024;03/2024;10.618,01;1.435,80;0,10%;0,01%
339030;MATERIAL DE CONSUMO;33903035;MATERIAL LABORATORIAL;MAR/2024;03/2024;258,84;;0,00%;
339030;MATERIAL DE CONSUMO;33903036;MATERIAL HOSPITALAR;MAR/2024;03/2024;144,18;;0,00%;
339030;MATERIAL DE CONSUMO;33903042;FERRAMENTAS;MAR/2024;03/2024;112,7;;0,00%;
339018;AUXILIO FINANCEIRO A ESTUDANTES;33901801;BOLSAS DE ESTUDO NO PAIS;MAR/2024;03/2024;9.200,00;4.600,00;0,09%;0,04%
339014;DIARIAS - PESSOAL CIVIL;33901414;DIARIAS NO PAIS;MAR/2024;03/2024;6.700,00;4.582,41;0,06%;0,04%
339047;OBRIGACOES TRIBUTARIAS E CONTRIBUTIVAS;33904708;IMPOSTO S/SERVICOS DE QUALQUER NATUREZA-ISSQN;ABR/2024;04/2024;7,97;0;0,00%;0,00%
339047;OBRIGACOES TRIBUTARIAS E CONTRIBUTIVAS;33904710;TAXAS;ABR/2024;04/2024;1.643,07;1.643,07;0,02%;0,02%
339047;OBRIGACOES TRIBUTARIAS E CONTRIBUTIVAS;33904722;CONTRIBUICAO P/ CUSTEIO DE ILUMINACAO PUBLICA;ABR/2024;04/2024;0;1.585,04;0,00%;0,02%
339040;SERVICOS DE TECNOLOGIA DA INFORMACAO E COMUNICACAO - PJ;33904013;COMUNICACAO DE DADOS E REDES EM GERAL;ABR/2024;04/2024;0;0;0,00%;0,00%
339040;SERVICOS DE TECNOLOGIA DA INFORMACAO E COMUNICACAO - PJ;33904016;OUTSOURCING DE IMPRESSAO;ABR/2024;04/2024;0;3.504,40;0,00%;0,03%
339040;SERVICOS DE TECNOLOGIA DA INFORMACAO E COMUNICACAO - PJ;33904023;EMISSAO DE CERTIFICADOS DIGITAIS;ABR/2024;04/2024;73,74;0;0,00%;0,00%
339039;OUTROS SERVICOS DE TERCEIROS - PESSOA JURIDICA;33903916;MANUTENCAO E CONSERV. DE BENS IMOVEIS;ABR/2024;04/2024;1.990,59;;0,02%;
339039;OUTROS SERVICOS DE TERCEIROS - PESSOA JURIDICA;33903920;MANUT.E CONS.DE B.MOVEIS DE OUTRAS NATUREZAS;ABR/2024;04/2024;21.165,86;;0,21%;
339039;OUTROS SERVICOS DE TERCEIROS - PESSOA JURIDICA;33903941;FORNECIMENTO DE ALIMENTACAO;ABR/2024;04/2024;300.000,00;50.548,50;2,91%;0,49%
339039;OUTROS SERVICOS DE TERCEIROS - PESSOA JURIDICA;33903943;SERVICOS DE ENERGIA ELETRICA;ABR/2024;04/2024;78.000,00;52.671,95;0,76%;0,51%
339039;OUTROS SERVICOS DE TERCEIROS - PESSOA JURIDICA;33903944;SERVICOS DE AGUA E ESGOTO;ABR/2024;04/2024;15.000,00;7.781,55;0,15%;0,08%
339039;OUTROS SERVICOS DE TERCEIROS - PESSOA JURIDICA;33903947;SERVICOS DE COMUNICACAO EM GERAL;ABR/2024;04/2024;0;0;0,00%;0,00%
339039;OUTROS SERVICOS DE TERCEIROS - PESSOA JURIDICA;33903958;SERVICOS DE TELECOMUNICACOES;ABR/2024;04/2024;2.100,00;748,43;0,02%;0,01%
339039;OUTROS SERVICOS DE TERCEIROS - PESSOA JURIDICA;33903969;SEGUROS EM GERAL;ABR/2024;04/2024;0;142,11;0,00%;0,00%
339039;OUTROS SERVICOS DE TERCEIROS - PESSOA JURIDICA;33903978;LIMPEZA E CONSERVACAO;ABR/2024;04/2024;4.587,36;1.529,12;0,04%;0,01%
339037;LOCACAO DE MAO-DE-OBRA;33903701;APOIO ADMINISTRATIVO, TECNICO E OPERACIONAL;ABR/2024;04/2024;455.000,00;185.079,38;4,41%;1,79%
339037;LOCACAO DE MAO-DE-OBRA;33903704;MANUTENCAO E CONSERVACAO DE BENS IMOVEIS;ABR/2024;04/2024;54.000,00;25.385,41;0,52%;0,25%
339030;MATERIAL DE CONSUMO;33903006;ALIMENTOS PARA ANIMAIS;ABR/2024;04/2024;59.220,53;45.758,75;0,57%;0,44%
339030;MATERIAL DE CONSUMO;33903007;GENEROS DE ALIMENTACAO;ABR/2024;04/2024;0;402,22;0,00%;0,00%
339030;MATERIAL DE CONSUMO;33903012;MATERIAL DE COUDELARIA OU DE USO ZOOTECNICO;ABR/2024;04/2024;0;2.460,00;0,00%;0,02%
339030;MATERIAL DE CONSUMO;33903018;MATERIAIS E MEDICAMENTOS P/ USO VETERINARIO;ABR/2024;04/2024;2.158,17;172,5;0,02%;0,00%
339030;MATERIAL DE CONSUMO;33903024;MATERIAL P/ MANUT.DE BENS IMOVEIS/INSTALACOES;ABR/2024;04/2024;0;20.158,76;0,00%;0,20%
339030;MATERIAL DE CONSUMO;33903025;MATERIAL P/ MANUTENCAO DE BENS MOVEIS;ABR/2024;04/2024;10.000,00;542,5;0,10%;0,01%
339030;MATERIAL DE CONSUMO;33903026;MATERIAL ELETRICO E ELETRONICO;ABR/2024;04/2024;0;6.985,00;0,00%;0,07%
339030;MATERIAL DE CONSUMO;33903028;MATERIAL DE PROTECAO E SEGURANCA;ABR/2024;04/2024;0;1.172,60;0,00%;0,01%
339030;MATERIAL DE CONSUMO;33903031;SEMENTES, MUDAS DE PLANTAS E INSUMOS;ABR/2024;04/2024;0;1.717,94;0,00%;0,02%
339030;MATERIAL DE CONSUMO;33903035;MATERIAL LABORATORIAL;ABR/2024;04/2024;0;208,84;0,00%;0,00%
339018;AUXILIO FINANCEIRO A ESTUDANTES;33901801;BOLSAS DE ESTUDO NO PAIS;ABR/2024;04/2024;52.800,00;24.200,00;0,51%;0,23%
339014;DIARIAS - PESSOAL CIVIL;33901414;DIARIAS NO PAIS;ABR/2024;04/2024;5.000,00;567,41;0,05%;0,01%
339047;OBRIGACOES TRIBUTARIAS E CONTRIBUTIVAS;33904708;IMPOSTO S/SERVICOS DE QUALQUER NATUREZA-ISSQN;MAI/2024;05/2024;-7,46;0,51;-0,00%;0,00%
339047;OBRIGACOES TRIBUTARIAS E CONTRIBUTIVAS;33904710;TAXAS;MAI/2024;05/2024;99,64;99,64;0,00%;0,00%
339047;OBRIGACOES TRIBUTARIAS E CONTRIBUTIVAS;33904722;CONTRIBUICAO P/ CUSTEIO DE ILUMINACAO PUBLICA;MAI/2024;05/2024;6.000,00;1.585,04;0,06%;0,02%
339040;SERVICOS DE TECNOLOGIA DA INFORMACAO E COMUNICACAO - PJ;33904016;OUTSOURCING DE IMPRESSAO;MAI/2024;05/2024;28.035,20;0;0,27%;0,00%
339039;OUTROS SERVICOS DE TERCEIROS - PESSOA JURIDICA;33903916;MANUTENCAO E CONSERV. DE BENS IMOVEIS;MAI/2024;05/2024;29.440,50;;0,29%;
339039;OUTROS SERVICOS DE TERCEIROS - PESSOA JURIDICA;33903941;FORNECIMENTO DE ALIMENTACAO;MAI/2024;05/2024;0;0;0,00%;0,00%
339039;OUTROS SERVICOS DE TERCEIROS - PESSOA JURIDICA;33903943;SERVICOS DE ENERGIA ELETRICA;MAI/2024;05/2024;192.036,00;32.227,76;1,86%;0,31%
339039;OUTROS SERVICOS DE TERCEIROS - PESSOA JURIDICA;33903944;SERVICOS DE AGUA E ESGOTO;MAI/2024;05/2024;17.400,00;5.053,98;0,17%;0,05%
339039;OUTROS SERVICOS DE TERCEIROS - PESSOA JURIDICA;33903947;SERVICOS DE COMUNICACAO EM GERAL;MAI/2024;05/2024;0;47,2;0,00%;0,00%
339039;OUTROS SERVICOS DE TERCEIROS - PESSOA JURIDICA;33903958;SERVICOS DE TELECOMUNICACOES;MAI/2024;05/2024;0;632,5;0,00%;0,01%
339039;OUTROS SERVICOS DE TERCEIROS - PESSOA JURIDICA;33903969;SEGUROS EM GERAL;MAI/2024;05/2024;0;0;0,00%;0,00%
339039;OUTROS SERVICOS DE TERCEIROS - PESSOA JURIDICA;33903978;LIMPEZA E CONSERVACAO;MAI/2024;05/2024;9.174,72;1.529,12;0,09%;0,01%
339037;LOCACAO DE MAO-DE-OBRA;33903701;APOIO ADMINISTRATIVO, TECNICO E OPERACIONAL;MAI/2024;05/2024;915.300,12;188.136,47;8,87%;1,82%
339037;LOCACAO DE MAO-DE-OBRA;33903704;MANUTENCAO E CONSERVACAO DE BENS IMOVEIS;MAI/2024;05/2024;152.312,46;27.432,36;1,48%;0,27%
339034;OUTRAS DESP.PESSOAL DEC. CONTRATOS TERCEIRIZ.;33903401;OUTRAS DESPESAS DE PESSOAL - TERCEIRIZACAO;MAI/2024;05/2024;477.603,99;;4,63%;
339030;MATERIAL DE CONSUMO;33903006;ALIMENTOS PARA ANIMAIS;MAI/2024;05/2024;23.042,37;17.052,23;0,22%;0,17%
339030;MATERIAL DE CONSUMO;33903007;GENEROS DE ALIMENTACAO;MAI/2024;05/2024;0;572,55;0,00%;0,01%
339030;MATERIAL DE CONSUMO;33903012;MATERIAL DE COUDELARIA OU DE USO ZOOTECNICO;MAI/2024;05/2024;4.920,00;4.920,00;0,05%;0,05%
339030;MATERIAL DE CONSUMO;33903018;MATERIAIS E MEDICAMENTOS P/ USO VETERINARIO;MAI/2024;05/2024;1.573,92;21.390,94;0,02%;0,21%
339030;MATERIAL DE CONSUMO;33903022;MATERIAL DE LIMPEZA E PROD. DE HIGIENIZACAO;MAI/2024;05/2024;0;103,6;0,00%;0,00%
339030;MATERIAL DE CONSUMO;33903024;MATERIAL P/ MANUT.DE BENS IMOVEIS/INSTALACOES;MAI/2024;05/2024;15.313,64;2.027,74;0,15%;0,02%
339030;MATERIAL DE CONSUMO;33903025;MATERIAL P/ MANUTENCAO DE BENS MOVEIS;MAI/2024;05/2024;0;0;0,00%;0,00%
339030;MATERIAL DE CONSUMO;33903026;MATERIAL ELETRICO E ELETRONICO;MAI/2024;05/2024;0;0;0,00%;0,00%
339030;MATERIAL DE CONSUMO;33903028;MATERIAL DE PROTECAO E SEGURANCA;MAI/2024;05/2024;0;0;0,00%;0,00%
339030;MATERIAL DE CONSUMO;33903031;SEMENTES, MUDAS DE PLANTAS E INSUMOS;MAI/2024;05/2024;0;7.365,81;0,00%;0,07%
339030;MATERIAL DE CONSUMO;33903035;MATERIAL LABORATORIAL;MAI/2024;05/2024;0;50;0,00%;0,00%
339030;MATERIAL DE CONSUMO;33903036;MATERIAL HOSPITALAR;MAI/2024;05/2024;0;144,18;0,00%;0,00%
339018;AUXILIO FINANCEIRO A ESTUDANTES;33901801;BOLSAS DE ESTUDO NO PAIS;MAI/2024;05/2024;154.198,00;26.138,00;1,50%;0,25%
339047;OBRIGACOES TRIBUTARIAS E CONTRIBUTIVAS;33904710;TAXAS;JUN/2024;06/2024;11.783,15;;0,11%;
339047;OBRIGACOES TRIBUTARIAS E CONTRIBUTIVAS;33904722;CONTRIBUICAO P/ CUSTEIO DE ILUMINACAO PUBLICA;JUN/2024;06/2024;0;0;0,00%;0,00%
339040;SERVICOS DE TECNOLOGIA DA INFORMACAO E COMUNICACAO - PJ;33904016;OUTSOURCING DE IMPRESSAO;JUN/2024;06/2024;0;7.008,80;0,00%;0,07%
339039;OUTROS SERVICOS DE TERCEIROS - PESSOA JURIDICA;33903916;MANUTENCAO E CONSERV. DE BENS IMOVEIS;JUN/2024;06/2024;0;26.122,85;0,00%;0,25%
339039;OUTROS SERVICOS DE TERCEIROS - PESSOA JURIDICA;33903920;MANUT.E CONS.DE B.MOVEIS DE OUTRAS NATUREZAS;JUN/2024;06/2024;0;1.505,79;0,00%;0,01%
339039;OUTROS SERVICOS DE TERCEIROS - PESSOA JURIDICA;33903941;FORNECIMENTO DE ALIMENTACAO;JUN/2024;06/2024;0;0;0,00%;0,00%
339039;OUTROS SERVICOS DE TERCEIROS - PESSOA JURIDICA;33903943;SERVICOS DE ENERGIA ELETRICA;JUN/2024;06/2024;0;0;0,00%;0,00%
339039;OUTROS SERVICOS DE TERCEIROS - PESSOA JURIDICA;33903944;SERVICOS DE AGUA E ESGOTO;JUN/2024;06/2024;0;2.271,37;0,00%;0,02%
339039;OUTROS SERVICOS DE TERCEIROS - PESSOA JURIDICA;33903947;SERVICOS DE COMUNICACAO EM GERAL;JUN/2024;06/2024;0;0;0,00%;0,00%
339039;OUTROS SERVICOS DE TERCEIROS - PESSOA JURIDICA;33903948;SERVICO DE SELECAO E TREINAMENTO;JUN/2024;06/2024;6.760,00;;0,07%;
339039;OUTROS SERVICOS DE TERCEIROS - PESSOA JURIDICA;33903958;SERVICOS DE TELECOMUNICACOES;JUN/2024;06/2024;0;590,97;0,00%;0,01%
339039;OUTROS SERVICOS DE TERCEIROS - PESSOA JURIDICA;33903978;LIMPEZA E CONSERVACAO;JUN/2024;06/2024;0;1.529,12;0,00%;0,01%
339039;OUTROS SERVICOS DE TERCEIROS - PESSOA JURIDICA;33903996;OUTROS SERV.DE TERCEIROS PJ- PAGTO ANTECIPADO;JUN/2024;06/2024;10.600,00;10.600,00;0,10%;0,10%
339037;LOCACAO DE MAO-DE-OBRA;33903701;APOIO ADMINISTRATIVO, TECNICO E OPERACIONAL;JUN/2024;06/2024;0;142.912,09;0,00%;1,39%
339037;LOCACAO DE MAO-DE-OBRA;33903704;MANUTENCAO E CONSERVACAO DE BENS IMOVEIS;JUN/2024;06/2024;0;25.385,41;0,00%;0,25%
339034;OUTRAS DESP.PESSOAL DEC. CONTRATOS TERCEIRIZ.;33903401;OUTRAS DESPESAS DE PESSOAL - TERCEIRIZACAO;JUN/2024;06/2024;0;97.155,05;0,00%;0,94%
339030;MATERIAL DE CONSUMO;33903006;ALIMENTOS PARA ANIMAIS;JUN/2024;06/2024;2.487,50;20.776,70;0,02%;0,20%
339030;MATERIAL DE CONSUMO;33903007;GENEROS DE ALIMENTACAO;JUN/2024;06/2024;0;0;0,00%;0,00%
339030;MATERIAL DE CONSUMO;33903017;MATERIAL DE TIC - MATERIAL DE CONSUMO;JUN/2024;06/2024;3.117,50;;0,03%;
339030;MATERIAL DE CONSUMO;33903018;MATERIAIS E MEDICAMENTOS P/ USO VETERINARIO;JUN/2024;06/2024;0;1.122,66;0,00%;0,01%
339030;MATERIAL DE CONSUMO;33903024;MATERIAL P/ MANUT.DE BENS IMOVEIS/INSTALACOES;JUN/2024;06/2024;12.964,25;10.719,30;0,13%;0,10%
339030;MATERIAL DE CONSUMO;33903025;MATERIAL P/ MANUTENCAO DE BENS MOVEIS;JUN/2024;06/2024;56,03;;0,00%;
339030;MATERIAL DE CONSUMO;33903026;MATERIAL ELETRICO E ELETRONICO;JUN/2024;06/2024;267,2;0;0,00%;0,00%
339030;MATERIAL DE CONSUMO;33903028;MATERIAL DE PROTECAO E SEGURANCA;JUN/2024;06/2024;2.063,60;;0,02%;
339030;MATERIAL DE CONSUMO;33903031;SEMENTES, MUDAS DE PLANTAS E INSUMOS;JUN/2024;06/2024;0;435,86;0,00%;0,00%
339030;MATERIAL DE CONSUMO;33903035;MATERIAL LABORATORIAL;JUN/2024;06/2024;0;0;0,00%;0,00%
339030;MATERIAL DE CONSUMO;33903042;FERRAMENTAS;JUN/2024;06/2024;134;;0,00%;
339030;MATERIAL DE CONSUMO;33903096;MATERIAL DE CONSUMO - PAGTO ANTECIPADO;JUN/2024;06/2024;24.600,00;24.600,00;0,24%;0,24%
339018;AUXILIO FINANCEIRO A ESTUDANTES;33901801;BOLSAS DE ESTUDO NO PAIS;JUN/2024;06/2024;0;21.400,00;0,00%;0,21%
339014;DIARIAS - PESSOAL CIVIL;33901414;DIARIAS NO PAIS;JUN/2024;06/2024;5.000,00;6.526,63;0,05%;0,06%
339047;OBRIGACOES TRIBUTARIAS E CONTRIBUTIVAS;33904708;IMPOSTO S/SERVICOS DE QUALQUER NATUREZA-ISSQN;JUL/2024;07/2024;26,78;26,78;0,00%;0,00%
339047;OBRIGACOES TRIBUTARIAS E CONTRIBUTIVAS;33904710;TAXAS;JUL/2024;07/2024;0;11.783,15;0,00%;0,11%
339047;OBRIGACOES TRIBUTARIAS E CONTRIBUTIVAS;33904722;CONTRIBUICAO P/ CUSTEIO DE ILUMINACAO PUBLICA;JUL/2024;07/2024;0;792,52;0,00%;0,01%
339040;SERVICOS DE TECNOLOGIA DA INFORMACAO E COMUNICACAO - PJ;33904016;OUTSOURCING DE IMPRESSAO;JUL/2024;07/2024;0;3.504,40;0,00%;0,03%
339040;SERVICOS DE TECNOLOGIA DA INFORMACAO E COMUNICACAO - PJ;33904023;EMISSAO DE CERTIFICADOS DIGITAIS;JUL/2024;07/2024;73,74;;0,00%;
339039;OUTROS SERVICOS DE TERCEIROS - PESSOA JURIDICA;33903916;MANUTENCAO E CONSERV. DE BENS IMOVEIS;JUL/2024;07/2024;0;1.376,00;0,00%;0,01%
339039;OUTROS SERVICOS DE TERCEIROS - PESSOA JURIDICA;33903920;MANUT.E CONS.DE B.MOVEIS DE OUTRAS NATUREZAS;JUL/2024;07/2024;0;0;0,00%;0,00%
339039;OUTROS SERVICOS DE TERCEIROS - PESSOA JURIDICA;33903941;FORNECIMENTO DE ALIMENTACAO;JUL/2024;07/2024;0;66.317,00;0,00%;0,64%
339039;OUTROS SERVICOS DE TERCEIROS - PESSOA JURIDICA;33903943;SERVICOS DE ENERGIA ELETRICA;JUL/2024;07/2024;0;15.375,06;0,00%;0,15%
339039;OUTROS SERVICOS DE TERCEIROS - PESSOA JURIDICA;33903944;SERVICOS DE AGUA E ESGOTO;JUL/2024;07/2024;0;3.434,22;0,00%;0,03%
339039;OUTROS SERVICOS DE TERCEIROS - PESSOA JURIDICA;33903958;SERVICOS DE TELECOMUNICACOES;JUL/2024;07/2024;4.200,00;611,16;0,04%;0,01%
339039;OUTROS SERVICOS DE TERCEIROS - PESSOA JURIDICA;33903969;SEGUROS EM GERAL;JUL/2024;07/2024;0;288,72;0,00%;0,00%
339039;OUTROS SERVICOS DE TERCEIROS - PESSOA JURIDICA;33903978;LIMPEZA E CONSERVACAO;JUL/2024;07/2024;15.392,63;16.921,75;0,15%;0,16%
339037;LOCACAO DE MAO-DE-OBRA;33903701;APOIO ADMINISTRATIVO, TECNICO E OPERACIONAL;JUL/2024;07/2024;0;86.218,91;0,00%;0,84%
339037;LOCACAO DE MAO-DE-OBRA;33903704;MANUTENCAO E CONSERVACAO DE BENS IMOVEIS;JUL/2024;07/2024;0;25.385,41;0,00%;0,25%
339034;OUTRAS DESP.PESSOAL DEC. CONTRATOS TERCEIRIZ.;33903401;OUTRAS DESPESAS DE PESSOAL - TERCEIRIZACAO;JUL/2024;07/2024;0;55.143,78;0,00%;0,53%
339030;MATERIAL DE CONSUMO;33903006;ALIMENTOS PARA ANIMAIS;JUL/2024;07/2024;4.251,50;9.390,22;0,04%;0,09%
339030;MATERIAL DE CONSUMO;33903016;MATERIAL DE EXPEDIENTE;JUL/2024;07/2024;375;;0,00%;
339030;MATERIAL DE CONSUMO;33903018;MATERIAIS E MEDICAMENTOS P/ USO VETERINARIO;JUL/2024;07/2024;0;2.923,71;0,00%;0,03%
339030;MATERIAL DE CONSUMO;33903024;MATERIAL P/ MANUT.DE BENS IMOVEIS/INSTALACOES;JUL/2024;07/2024;3.940,42;14.582,26;0,04%;0,14%
339030;MATERIAL DE CONSUMO;33903026;MATERIAL ELETRICO E ELETRONICO;JUL/2024;07/2024;4.620,60;267,2;0,04%;0,00%
339030;MATERIAL DE CONSUMO;33903028;MATERIAL DE PROTECAO E SEGURANCA;JUL/2024;07/2024;0;2.063,60;0,00%;0,02%
339030;MATERIAL DE CONSUMO;33903031;SEMENTES, MUDAS DE PLANTAS E INSUMOS;JUL/2024;07/2024;0;368,5;0,00%;0,00%
339030;MATERIAL DE CONSUMO;33903036;MATERIAL HOSPITALAR;JUL/2024;07/2024;255;;0,00%;
339030;MATERIAL DE CONSUMO;33903042;FERRAMENTAS;JUL/2024;07/2024;0;246,7;0,00%;0,00%
339030;MATERIAL DE CONSUMO;33903059;MATERIAL PARA DIVULGACAO;JUL/2024;07/2024;10.135,00;;0,10%;
339018;AUXILIO FINANCEIRO A ESTUDANTES;33901801;BOLSAS DE ESTUDO NO PAIS;JUL/2024;07/2024;0;28.806,31;0,00%;0,28%
339014;DIARIAS - PESSOAL CIVIL;33901414;DIARIAS NO PAIS;JUL/2024;07/2024;0;2.405,38;0,00%;0,02%
339139;OUTROS SERVICOS DE TERCEIROS - PESSOA JURIDICA (INTRA);33913937;JUROS E MULTA DE MORA;AGO/2024;08/2024;361,83;361,83;0,00%;0,00%
339047;OBRIGACOES TRIBUTARIAS E CONTRIBUTIVAS;33904710;TAXAS;AGO/2024;08/2024;9.185,80;;0,09%;
339047;OBRIGACOES TRIBUTARIAS E CONTRIBUTIVAS;33904722;CONTRIBUICAO P/ CUSTEIO DE ILUMINACAO PUBLICA;AGO/2024;08/2024;0;3.170,08;0,00%;0,03%
339040;SERVICOS DE TECNOLOGIA DA INFORMACAO E COMUNICACAO - PJ;33904016;OUTSOURCING DE IMPRESSAO;AGO/2024;08/2024;0;5.194,60;0,00%;0,05%
339039;OUTROS SERVICOS DE TERCEIROS - PESSOA JURIDICA;33903916;MANUTENCAO E CONSERV. DE BENS IMOVEIS;AGO/2024;08/2024;0;688;0,00%;0,01%
339039;OUTROS SERVICOS DE TERCEIROS - PESSOA JURIDICA;33903919;MANUTENCAO E CONSERV. DE VEICULOS;AGO/2024;08/2024;1.595,50;;0,02%;
339039;OUTROS SERVICOS DE TERCEIROS - PESSOA JURIDICA;33903920;MANUT.E CONS.DE B.MOVEIS DE OUTRAS NATUREZAS;AGO/2024;08/2024;0;6.674,61;0,00%;0,06%
339039;OUTROS SERVICOS DE TERCEIROS - PESSOA JURIDICA;33903941;FORNECIMENTO DE ALIMENTACAO;AGO/2024;08/2024;271.110,10;84.553,00;2,63%;0,82%
339039;OUTROS SERVICOS DE TERCEIROS - PESSOA JURIDICA;33903943;SERVICOS DE ENERGIA ELETRICA;AGO/2024;08/2024;0;52.033,84;0,00%;0,50%
339039;OUTROS SERVICOS DE TERCEIROS - PESSOA JURIDICA;33903944;SERVICOS DE AGUA E ESGOTO;AGO/2024;08/2024;0;5.151,66;0,00%;0,05%
339039;OUTROS SERVICOS DE TERCEIROS - PESSOA JURIDICA;33903947;SERVICOS DE COMUNICACAO EM GERAL;AGO/2024;08/2024;0;75,34;0,00%;0,00%
339039;OUTROS SERVICOS DE TERCEIROS - PESSOA JURIDICA;33903948;SERVICO DE SELECAO E TREINAMENTO;AGO/2024;08/2024;0;6.760,00;0,00%;0,07%
339039;OUTROS SERVICOS DE TERCEIROS - PESSOA JURIDICA;33903958;SERVICOS DE TELECOMUNICACOES;AGO/2024;08/2024;0;692,56;0,00%;0,01%
339039;OUTROS SERVICOS DE TERCEIROS - PESSOA JURIDICA;33903969;SEGUROS EM GERAL;AGO/2024;08/2024;0;70,54;0,00%;0,00%
339039;OUTROS SERVICOS DE TERCEIROS - PESSOA JURIDICA;33903978;LIMPEZA E CONSERVACAO;AGO/2024;08/2024;0;1.529,12;0,00%;0,01%
339037;LOCACAO DE MAO-DE-OBRA;33903701;APOIO ADMINISTRATIVO, TECNICO E OPERACIONAL;AGO/2024;08/2024;0;229.853,25;0,00%;2,23%
339037;LOCACAO DE MAO-DE-OBRA;33903704;MANUTENCAO E CONSERVACAO DE BENS IMOVEIS;AGO/2024;08/2024;0;25.385,41;0,00%;0,25%
339034;OUTRAS DESP.PESSOAL DEC. CONTRATOS TERCEIRIZ.;33903401;OUTRAS DESPESAS DE PESSOAL - TERCEIRIZACAO;AGO/2024;08/2024;60.665,42;55.143,76;0,59%;0,53%
339033;PASSAGENS E DESPESAS COM LOCOMOCAO;33903305;LOCOMOCAO URBANA;AGO/2024;08/2024;56.492,31;30.178,41;0,55%;0,29%
339030;MATERIAL DE CONSUMO;33903006;ALIMENTOS PARA ANIMAIS;AGO/2024;08/2024;17.818,80;0;0,17%;0,00%
339030;MATERIAL DE CONSUMO;33903011;MATERIAL QUIMICO;AGO/2024;08/2024;5.877,36;;0,06%;
339030;MATERIAL DE CONSUMO;33903016;MATERIAL DE EXPEDIENTE;AGO/2024;08/2024;6.000,00;;0,06%;
339030;MATERIAL DE CONSUMO;33903018;MATERIAIS E MEDICAMENTOS P/ USO VETERINARIO;AGO/2024;08/2024;1.160,00;1.946,31;0,01%;0,02%
339030;MATERIAL DE CONSUMO;33903020;MATERIAL DE CAMA, MESA E BANHO;AGO/2024;08/2024;17,25;;0,00%;
339030;MATERIAL DE CONSUMO;33903022;MATERIAL DE LIMPEZA E PROD. DE HIGIENIZACAO;AGO/2024;08/2024;1.403,49;1.162,95;0,01%;0,01%
339030;MATERIAL DE CONSUMO;33903024;MATERIAL P/ MANUT.DE BENS IMOVEIS/INSTALACOES;AGO/2024;08/2024;5.303,85;3.814,29;0,05%;0,04%
339030;MATERIAL DE CONSUMO;33903025;MATERIAL P/ MANUTENCAO DE BENS MOVEIS;AGO/2024;08/2024;0;607,88;0,00%;0,01%
339030;MATERIAL DE CONSUMO;33903031;SEMENTES, MUDAS DE PLANTAS E INSUMOS;AGO/2024;08/2024;40.177,80;0;0,39%;0,00%
339030;MATERIAL DE CONSUMO;33903036;MATERIAL HOSPITALAR;AGO/2024;08/2024;0;255;0,00%;0,00%
339030;MATERIAL DE CONSUMO;33903059;MATERIAL PARA DIVULGACAO;AGO/2024;08/2024;0;585;0,00%;0,01%
339018;AUXILIO FINANCEIRO A ESTUDANTES;33901801;BOLSAS DE ESTUDO NO PAIS;AGO/2024;08/2024;528.460,00;316.769,10;5,12%;3,07%
339014;DIARIAS - PESSOAL CIVIL;33901414;DIARIAS NO PAIS;AGO/2024;08/2024;25.000,00;7.816,80;0,24%;0,08%
339047;OBRIGACOES TRIBUTARIAS E CONTRIBUTIVAS;33904722;CONTRIBUICAO P/ CUSTEIO DE ILUMINACAO PUBLICA;SET/2024;09/2024;0;0;0,00%;0,00%
339040;SERVICOS DE TECNOLOGIA DA INFORMACAO E COMUNICACAO - PJ;33904016;OUTSOURCING DE IMPRESSAO;SET/2024;09/2024;0;3.655,66;0,00%;0,04%
339039;OUTROS SERVICOS DE TERCEIROS - PESSOA JURIDICA;33903916;MANUTENCAO E CONSERV. DE BENS IMOVEIS;SET/2024;09/2024;0;688;0,00%;0,01%
339039;OUTROS SERVICOS DE TERCEIROS - PESSOA JURIDICA;33903920;MANUT.E CONS.DE B.MOVEIS DE OUTRAS NATUREZAS;SET/2024;09/2024;0;3.078,15;0,00%;0,03%
339039;OUTROS SERVICOS DE TERCEIROS - PESSOA JURIDICA;33903925;TAXA DE ADMINISTRACAO;SET/2024;09/2024;0;569,57;0,00%;0,01%
339039;OUTROS SERVICOS DE TERCEIROS - PESSOA JURIDICA;33903941;FORNECIMENTO DE ALIMENTACAO;SET/2024;09/2024;0;107.019,00;0,00%;1,04%
339039;OUTROS SERVICOS DE TERCEIROS - PESSOA JURIDICA;33903943;SERVICOS DE ENERGIA ELETRICA;SET/2024;09/2024;0;0;0,00%;0,00%
339039;OUTROS SERVICOS DE TERCEIROS - PESSOA JURIDICA;33903944;SERVICOS DE AGUA E ESGOTO;SET/2024;09/2024;0;5.849,37;0,00%;0,06%
339039;OUTROS SERVICOS DE TERCEIROS - PESSOA JURIDICA;33903947;SERVICOS DE COMUNICACAO EM GERAL;SET/2024;09/2024;0;38,68;0,00%;0,00%
339039;OUTROS SERVICOS DE TERCEIROS - PESSOA JURIDICA;33903948;SERVICO DE SELECAO E TREINAMENTO;SET/2024;09/2024;550;;0,01%;
339039;OUTROS SERVICOS DE TERCEIROS - PESSOA JURIDICA;33903958;SERVICOS DE TELECOMUNICACOES;SET/2024;09/2024;0;708,44;0,00%;0,01%
339039;OUTROS SERVICOS DE TERCEIROS - PESSOA JURIDICA;33903969;SEGUROS EM GERAL;SET/2024;09/2024;0;139,53;0,00%;0,00%
339039;OUTROS SERVICOS DE TERCEIROS - PESSOA JURIDICA;33903978;LIMPEZA E CONSERVACAO;SET/2024;09/2024;521,03;2.050,15;0,01%;0,02%
339039;OUTROS SERVICOS DE TERCEIROS - PESSOA JURIDICA;33903996;OUTROS SERV.DE TERCEIROS PJ- PAGTO ANTECIPADO;SET/2024;09/2024;15.000,00;15.000,00;0,15%;0,15%
339037;LOCACAO DE MAO-DE-OBRA;33903701;APOIO ADMINISTRATIVO, TECNICO E OPERACIONAL;SET/2024;09/2024;0;139.432,21;0,00%;1,35%
339037;LOCACAO DE MAO-DE-OBRA;33903704;MANUTENCAO E CONSERVACAO DE BENS IMOVEIS;SET/2024;09/2024;0;25.385,41;0,00%;0,25%
339034;OUTRAS DESP.PESSOAL DEC. CONTRATOS TERCEIRIZ.;33903401;OUTRAS DESPESAS DE PESSOAL - TERCEIRIZACAO;SET/2024;09/2024;0;53.640,57;0,00%;0,52%
339033;PASSAGENS E DESPESAS COM LOCOMOCAO;33903305;LOCOMOCAO URBANA;SET/2024;09/2024;22,02;20.874,96;0,00%;0,20%
339032;MATERIAL, BEM OU SERVICO P/ DISTRIB. GRATUITA;33903203;MATERIAL DESTINADO A ASSISTENCIA SOCIAL;SET/2024;09/2024;168.958,00;;1,64%;
339030;MATERIAL DE CONSUMO;33903006;ALIMENTOS PARA ANIMAIS;SET/2024;09/2024;11.200,20;10.290,30;0,11%;0,10%
339030;MATERIAL DE CONSUMO;33903009;MATERIAL FARMACOLOGICO;SET/2024;09/2024;50;;0,00%;
339030;MATERIAL DE CONSUMO;33903011;MATERIAL QUIMICO;SET/2024;09/2024;0;260;0,00%;0,00%
339030;MATERIAL DE CONSUMO;33903016;MATERIAL DE EXPEDIENTE;SET/2024;09/2024;0;6.000,00;0,00%;0,06%
339030;MATERIAL DE CONSUMO;33903018;MATERIAIS E MEDICAMENTOS P/ USO VETERINARIO;SET/2024;09/2024;5.079,14;1.439,00;0,05%;0,01%
339030;MATERIAL DE CONSUMO;33903020;MATERIAL DE CAMA, MESA E BANHO;SET/2024;09/2024;0;17,25;0,00%;0,00%
339030;MATERIAL DE CONSUMO;33903022;MATERIAL DE LIMPEZA E PROD. DE HIGIENIZACAO;SET/2024;09/2024;0;240,09;0,00%;0,00%
339030;MATERIAL DE CONSUMO;33903024;MATERIAL P/ MANUT.DE BENS IMOVEIS/INSTALACOES;SET/2024;09/2024;12.397,06;7.957,69;0,12%;0,08%
339030;MATERIAL DE CONSUMO;33903025;MATERIAL P/ MANUTENCAO DE BENS MOVEIS;SET/2024;09/2024;0;0;0,00%;0,00%
339030;MATERIAL DE CONSUMO;33903026;MATERIAL ELETRICO E ELETRONICO;SET/2024;09/2024;6.225,80;8.557,60;0,06%;0,08%
339030;MATERIAL DE CONSUMO;33903028;MATERIAL DE PROTECAO E SEGURANCA;SET/2024;09/2024;4.948,43;;0,05%;
339030;MATERIAL DE CONSUMO;33903031;SEMENTES, MUDAS DE PLANTAS E INSUMOS;SET/2024;09/2024;12.446,10;;0,12%;
339030;MATERIAL DE CONSUMO;33903035;MATERIAL LABORATORIAL;SET/2024;09/2024;12,5;;0,00%;
339030;MATERIAL DE CONSUMO;33903036;MATERIAL HOSPITALAR;SET/2024;09/2024;4.580,32;343,8;0,04%;0,00%
339030;MATERIAL DE CONSUMO;33903059;MATERIAL PARA DIVULGACAO;SET/2024;09/2024;0;75;0,00%;0,00%
339030;MATERIAL DE CONSUMO;33903096;MATERIAL DE CONSUMO - PAGTO ANTECIPADO;SET/2024;09/2024;17.900,88;17.900,88;0,17%;0,17%
339018;AUXILIO FINANCEIRO A ESTUDANTES;33901801;BOLSAS DE ESTUDO NO PAIS;SET/2024;09/2024;6.000,00;66.848,00;0,06%;0,65%
339014;DIARIAS - PESSOAL CIVIL;33901414;DIARIAS NO PAIS;SET/2024;09/2024;29.500,00;21.226,54;0,29%;0,21%
339047;OBRIGACOES TRIBUTARIAS E CONTRIBUTIVAS;33904722;CONTRIBUICAO P/ CUSTEIO DE ILUMINACAO PUBLICA;OUT/2024;10/2024;0;2.444,18;0,00%;0,02%
339040;SERVICOS DE TECNOLOGIA DA INFORMACAO E COMUNICACAO - PJ;33904016;OUTSOURCING DE IMPRESSAO;OUT/2024;10/2024;0;4.104,47;0,00%;0,04%
339039;OUTROS SERVICOS DE TERCEIROS - PESSOA JURIDICA;33903916;MANUTENCAO E CONSERV. DE BENS IMOVEIS;OUT/2024;10/2024;4.100,00;4.788,00;0,04%;0,05%
339039;OUTROS SERVICOS DE TERCEIROS - PESSOA JURIDICA;33903917;MANUT. E CONSERV. DE MAQUINAS E EQUIPAMENTOS;OUT/2024;10/2024;1.290,00;1.290,00;0,01%;0,01%
339039;OUTROS SERVICOS DE TERCEIROS - PESSOA JURIDICA;33903920;MANUT.E CONS.DE B.MOVEIS DE OUTRAS NATUREZAS;OUT/2024;10/2024;0;4.289,29;0,00%;0,04%
339039;OUTROS SERVICOS DE TERCEIROS - PESSOA JURIDICA;33903925;TAXA DE ADMINISTRACAO;OUT/2024;10/2024;0;0;0,00%;0,00%
339039;OUTROS SERVICOS DE TERCEIROS - PESSOA JURIDICA;33903941;FORNECIMENTO DE ALIMENTACAO;OUT/2024;10/2024;0;88.982,75;0,00%;0,86%
339039;OUTROS SERVICOS DE TERCEIROS - PESSOA JURIDICA;33903943;SERVICOS DE ENERGIA ELETRICA;OUT/2024;10/2024;0;32.717,02;0,00%;0,32%
339039;OUTROS SERVICOS DE TERCEIROS - PESSOA JURIDICA;33903944;SERVICOS DE AGUA E ESGOTO;OUT/2024;10/2024;0;5.259,00;0,00%;0,05%
339039;OUTROS SERVICOS DE TERCEIROS - PESSOA JURIDICA;33903947;SERVICOS DE COMUNICACAO EM GERAL;OUT/2024;10/2024;0;0;0,00%;0,00%
339039;OUTROS SERVICOS DE TERCEIROS - PESSOA JURIDICA;33903948;SERVICO DE SELECAO E TREINAMENTO;OUT/2024;10/2024;5.200,00;5.750,00;0,05%;0,06%
339039;OUTROS SERVICOS DE TERCEIROS - PESSOA JURIDICA;33903958;SERVICOS DE TELECOMUNICACOES;OUT/2024;10/2024;0;727,74;0,00%;0,01%
339039;OUTROS SERVICOS DE TERCEIROS - PESSOA JURIDICA;33903969;SEGUROS EM GERAL;OUT/2024;10/2024;0;66,14;0,00%;0,00%
339039;OUTROS SERVICOS DE TERCEIROS - PESSOA JURIDICA;33903978;LIMPEZA E CONSERVACAO;OUT/2024;10/2024;0;1.529,12;0,00%;0,01%
339039;OUTROS SERVICOS DE TERCEIROS - PESSOA JURIDICA;33903996;OUTROS SERV.DE TERCEIROS PJ- PAGTO ANTECIPADO;OUT/2024;10/2024;-10.600,00;-10.600,00;-0,10%;-0,10%
339037;LOCACAO DE MAO-DE-OBRA;33903701;APOIO ADMINISTRATIVO, TECNICO E OPERACIONAL;OUT/2024;10/2024;0;148.795,93;0,00%;1,44%
339037;LOCACAO DE MAO-DE-OBRA;33903704;MANUTENCAO E CONSERVACAO DE BENS IMOVEIS;OUT/2024;10/2024;0;25.385,41;0,00%;0,25%
339036;OUTROS SERVICOS DE TERCEIROS - PESSOA FISICA;33903602;DIARIAS A COLABORADORES EVENTUAIS NO PAIS;OUT/2024;10/2024;200;;0,00%;
339034;OUTRAS DESP.PESSOAL DEC. CONTRATOS TERCEIRIZ.;33903401;OUTRAS DESPESAS DE PESSOAL - TERCEIRIZACAO;OUT/2024;10/2024;0;55.143,80;0,00%;0,53%
339033;PASSAGENS E DESPESAS COM LOCOMOCAO;33903305;LOCOMOCAO URBANA;OUT/2024;10/2024;4.763,67;9.457,59;0,05%;0,09%
339032;MATERIAL, BEM OU SERVICO P/ DISTRIB. GRATUITA;33903203;MATERIAL DESTINADO A ASSISTENCIA SOCIAL;OUT/2024;10/2024;0;10.128,80;0,00%;0,10%
339030;MATERIAL DE CONSUMO;33903001;COMBUSTIVEIS E LUBRIFICANTES AUTOMOTIVOS;OUT/2024;10/2024;1.120,00;;0,01%;
339030;MATERIAL DE CONSUMO;33903003;COMBUSTIVEIS E LUBRIF. P/ OUTRAS FINALIDADES;OUT/2024;10/2024;659,28;;0,01%;
339030;MATERIAL DE CONSUMO;33903006;ALIMENTOS PARA ANIMAIS;OUT/2024;10/2024;42.937,00;9.555,76;0,42%;0,09%
339030;MATERIAL DE CONSUMO;33903007;GENEROS DE ALIMENTACAO;OUT/2024;10/2024;606,45;606,45;0,01%;0,01%
339030;MATERIAL DE CONSUMO;33903008;ANIMAIS PARA PESQUISA E ABATE;OUT/2024;10/2024;2.422,50;2.422,50;0,02%;0,02%
339030;MATERIAL DE CONSUMO;33903011;MATERIAL QUIMICO;OUT/2024;10/2024;840;2.371,80;0,01%;0,02%
339030;MATERIAL DE CONSUMO;33903012;MATERIAL DE COUDELARIA OU DE USO ZOOTECNICO;OUT/2024;10/2024;1.472,50;1.472,50;0,01%;0,01%
339030;MATERIAL DE CONSUMO;33903016;MATERIAL DE EXPEDIENTE;OUT/2024;10/2024;360;360;0,00%;0,00%
339030;MATERIAL DE CONSUMO;33903017;MATERIAL DE TIC - MATERIAL DE CONSUMO;OUT/2024;10/2024;0;1.680,00;0,00%;0,02%
339030;MATERIAL DE CONSUMO;33903018;MATERIAIS E MEDICAMENTOS P/ USO VETERINARIO;OUT/2024;10/2024;3.531,50;4.312,89;0,03%;0,04%
339030;MATERIAL DE CONSUMO;33903022;MATERIAL DE LIMPEZA E PROD. DE HIGIENIZACAO;OUT/2024;10/2024;250,72;0;0,00%;0,00%
339030;MATERIAL DE CONSUMO;33903024;MATERIAL P/ MANUT.DE BENS IMOVEIS/INSTALACOES;OUT/2024;10/2024;7.152,88;8.337,05;0,07%;0,08%
339030;MATERIAL DE CONSUMO;33903025;MATERIAL P/ MANUTENCAO DE BENS MOVEIS;OUT/2024;10/2024;30,46;;0,00%;
339030;MATERIAL DE CONSUMO;33903026;MATERIAL ELETRICO E ELETRONICO;OUT/2024;10/2024;3.384,75;3.119,47;0,03%;0,03%
339030;MATERIAL DE CONSUMO;33903028;MATERIAL DE PROTECAO E SEGURANCA;OUT/2024;10/2024;0;58,9;0,00%;0,00%
339030;MATERIAL DE CONSUMO;33903031;SEMENTES, MUDAS DE PLANTAS E INSUMOS;OUT/2024;10/2024;0;53.353,80;0,00%;0,52%
339030;MATERIAL DE CONSUMO;33903036;MATERIAL HOSPITALAR;OUT/2024;10/2024;1.002,03;3.221,89;0,01%;0,03%
339030;MATERIAL DE CONSUMO;33903042;FERRAMENTAS;OUT/2024;10/2024;632,25;;0,01%;
339030;MATERIAL DE CONSUMO;33903096;MATERIAL DE CONSUMO - PAGTO ANTECIPADO;OUT/2024;10/2024;-24.600,00;-24.600,00;-0,24%;-0,24%
339018;AUXILIO FINANCEIRO A ESTUDANTES;33901801;BOLSAS DE ESTUDO NO PAIS;OUT/2024;10/2024;64.000,00;130.505,67;0,62%;1,27%
339014;DIARIAS - PESSOAL CIVIL;33901414;DIARIAS NO PAIS;OUT/2024;10/2024;5.000,00;11.220,97;0,05%;0,11%
449052;EQUIPAMENTOS E MATERIAL PERMANENTE;44905212;APARELHOS E UTENSILIOS DOMESTICOS;NOV/2024;11/2024;45.818,30;;0,44%;
449052;EQUIPAMENTOS E MATERIAL PERMANENTE;44905241;EQUIPAMENTOS DE TIC - COMPUTADORES;NOV/2024;11/2024;3.589,50;;0,03%;
339047;OBRIGACOES TRIBUTARIAS E CONTRIBUTIVAS;33904710;TAXAS;NOV/2024;11/2024;222,93;9.408,73;0,00%;0,09%
339040;SERVICOS DE TECNOLOGIA DA INFORMACAO E COMUNICACAO - PJ;33904016;OUTSOURCING DE IMPRESSAO;NOV/2024;11/2024;0;0;0,00%;0,00%
339039;OUTROS SERVICOS DE TERCEIROS - PESSOA JURIDICA;33903916;MANUTENCAO E CONSERV. DE BENS IMOVEIS;NOV/2024;11/2024;0;688;0,00%;0,01%
339039;OUTROS SERVICOS DE TERCEIROS - PESSOA JURIDICA;33903920;MANUT.E CONS.DE B.MOVEIS DE OUTRAS NATUREZAS;NOV/2024;11/2024;0;0;0,00%;0,00%
339039;OUTROS SERVICOS DE TERCEIROS - PESSOA JURIDICA;33903925;TAXA DE ADMINISTRACAO;NOV/2024;11/2024;0;73,7;0,00%;0,00%
339039;OUTROS SERVICOS DE TERCEIROS - PESSOA JURIDICA;33903941;FORNECIMENTO DE ALIMENTACAO;NOV/2024;11/2024;0;0;0,00%;0,00%
339039;OUTROS SERVICOS DE TERCEIROS - PESSOA JURIDICA;33903943;SERVICOS DE ENERGIA ELETRICA;NOV/2024;11/2024;0;0;0,00%;0,00%
339039;OUTROS SERVICOS DE TERCEIROS - PESSOA JURIDICA;33903944;SERVICOS DE AGUA E ESGOTO;NOV/2024;11/2024;12.000,00;5.527,35;0,12%;0,05%
339039;OUTROS SERVICOS DE TERCEIROS - PESSOA JURIDICA;33903958;SERVICOS DE TELECOMUNICACOES;NOV/2024;11/2024;0;0;0,00%;0,00%
339039;OUTROS SERVICOS DE TERCEIROS - PESSOA JURIDICA;33903969;SEGUROS EM GERAL;NOV/2024;11/2024;0;0;0,00%;0,00%
339039;OUTROS SERVICOS DE TERCEIROS - PESSOA JURIDICA;33903978;LIMPEZA E CONSERVACAO;NOV/2024;11/2024;0;0;0,00%;0,00%
339039;OUTROS SERVICOS DE TERCEIROS - PESSOA JURIDICA;33903996;OUTROS SERV.DE TERCEIROS PJ- PAGTO ANTECIPADO;NOV/2024;11/2024;7.500,00;7.500,00;0,07%;0,07%
339037;LOCACAO DE MAO-DE-OBRA;33903701;APOIO ADMINISTRATIVO, TECNICO E OPERACIONAL;NOV/2024;11/2024;0;0;0,00%;0,00%
339037;LOCACAO DE MAO-DE-OBRA;33903704;MANUTENCAO E CONSERVACAO DE BENS IMOVEIS;NOV/2024;11/2024;0;0;0,00%;0,00%
339036;OUTROS SERVICOS DE TERCEIROS - PESSOA FISICA;33903602;DIARIAS A COLABORADORES EVENTUAIS NO PAIS;NOV/2024;11/2024;300;860;0,00%;0,01%
339034;OUTRAS DESP.PESSOAL DEC. CONTRATOS TERCEIRIZ.;33903401;OUTRAS DESPESAS DE PESSOAL - TERCEIRIZACAO;NOV/2024;11/2024;0;0;0,00%;0,00%
339033;PASSAGENS E DESPESAS COM LOCOMOCAO;33903305;LOCOMOCAO URBANA;NOV/2024;11/2024;6.148,98;;0,06%;
339032;MATERIAL, BEM OU SERVICO P/ DISTRIB. GRATUITA;33903203;MATERIAL DESTINADO A ASSISTENCIA SOCIAL;NOV/2024;11/2024;0;13.979,50;0,00%;0,14%
339030;MATERIAL DE CONSUMO;33903004;GAS E OUTROS MATERIAIS ENGARRAFADOS;NOV/2024;11/2024;2.445,00;;0,02%;
339030;MATERIAL DE CONSUMO;33903006;ALIMENTOS PARA ANIMAIS;NOV/2024;11/2024;11.029,50;2.123,64;0,11%;0,02%
339030;MATERIAL DE CONSUMO;33903009;MATERIAL FARMACOLOGICO;NOV/2024;11/2024;-50;;-0,00%;
339030;MATERIAL DE CONSUMO;33903011;MATERIAL QUIMICO;NOV/2024;11/2024;2.874,98;0;0,03%;0,00%
339030;MATERIAL DE CONSUMO;33903014;MATERIAL EDUCATIVO E ESPORTIVO;NOV/2024;11/2024;4.996,10;4.996,10;0,05%;0,05%
339030;MATERIAL DE CONSUMO;33903017;MATERIAL DE TIC - MATERIAL DE CONSUMO;NOV/2024;11/2024;0;0;0,00%;0,00%
339030;MATERIAL DE CONSUMO;33903018;MATERIAIS E MEDICAMENTOS P/ USO VETERINARIO;NOV/2024;11/2024;2.802,16;52;0,03%;0,00%
339030;MATERIAL DE CONSUMO;33903024;MATERIAL P/ MANUT.DE BENS IMOVEIS/INSTALACOES;NOV/2024;11/2024;27.445,95;1.934,41;0,27%;0,02%
339030;MATERIAL DE CONSUMO;33903025;MATERIAL P/ MANUTENCAO DE BENS MOVEIS;NOV/2024;11/2024;5.094,50;;0,05%;
339030;MATERIAL DE CONSUMO;33903026;MATERIAL ELETRICO E ELETRONICO;NOV/2024;11/2024;8.008,26;1.015,00;0,08%;0,01%
339030;MATERIAL DE CONSUMO;33903028;MATERIAL DE PROTECAO E SEGURANCA;NOV/2024;11/2024;-5,89;0;-0,00%;0,00%
339030;MATERIAL DE CONSUMO;33903031;SEMENTES, MUDAS DE PLANTAS E INSUMOS;NOV/2024;11/2024;6.640,85;;0,06%;
339030;MATERIAL DE CONSUMO;33903035;MATERIAL LABORATORIAL;NOV/2024;11/2024;-12,5;;-0,00%;
339030;MATERIAL DE CONSUMO;33903036;MATERIAL HOSPITALAR;NOV/2024;11/2024;-494,87;164,64;-0,00%;0,00%
339030;MATERIAL DE CONSUMO;33903096;MATERIAL DE CONSUMO - PAGTO ANTECIPADO;NOV/2024;11/2024;-400,88;-400,88;-0,00%;-0,00%
339018;AUXILIO FINANCEIRO A ESTUDANTES;33901801;BOLSAS DE ESTUDO NO PAIS;NOV/2024;11/2024;92.850,00;21.556,67;0,90%;0,21%
339014;DIARIAS - PESSOAL CIVIL;33901414;DIARIAS NO PAIS;NOV/2024;11/2024;0;15.359,90;0,00%;0,15%
339092;DESPESAS DE EXERCICIOS ANTERIORES;33909239;OUTROS SERVICOS DE TERCEIROS - PJ;JAN/2025;01/2025;101.101,04;25.275,26;1,24%;0,31%
339092;DESPESAS DE EXERCICIOS ANTERIORES;33909247;OBRIGACOES TRIBUTARIAS E CONTRIBUTIVAS;JAN/2025;01/2025;6.606,64;1.651,66;0,08%;0,02%
339040;SERVICOS DE TECNOLOGIA DA INFORMACAO E COMUNICACAO - PJ;33904016;OUTSOURCING DE IMPRESSAO;JAN/2025;01/2025;9.000,00;;0,11%;
339039;OUTROS SERVICOS DE TERCEIROS - PESSOA JURIDICA;33903916;MANUTENCAO E CONSERV. DE BENS IMOVEIS;JAN/2025;01/2025;2.500,00;195,76;0,03%;0,00%
339039;OUTROS SERVICOS DE TERCEIROS - PESSOA JURIDICA;33903941;FORNECIMENTO DE ALIMENTACAO;JAN/2025;01/2025;20.000,00;;0,25%;
339039;OUTROS SERVICOS DE TERCEIROS - PESSOA JURIDICA;33903958;SERVICOS DE TELECOMUNICACOES;JAN/2025;01/2025;1.500,00;164,99;0,02%;0,00%
339039;OUTROS SERVICOS DE TERCEIROS - PESSOA JURIDICA;33903978;LIMPEZA E CONSERVACAO;JAN/2025;01/2025;3.500,00;2.683,50;0,04%;0,03%
339037;LOCACAO DE MAO-DE-OBRA;33903701;APOIO ADMINISTRATIVO, TECNICO E OPERACIONAL;JAN/2025;01/2025;200.000,00;16.858,89;2,46%;0,21%
339037;LOCACAO DE MAO-DE-OBRA;33903702;LIMPEZA E CONSERVACAO;JAN/2025;01/2025;0;99.191,91;0,00%;1,22%
339037;LOCACAO DE MAO-DE-OBRA;33903704;MANUTENCAO E CONSERVACAO DE BENS IMOVEIS;JAN/2025;01/2025;25.000,00;;0,31%;
339018;AUXILIO FINANCEIRO A ESTUDANTES;33901801;BOLSAS DE ESTUDO NO PAIS;JAN/2025;01/2025;12.100,00;12.100,00;0,15%;0,15%
339092;DESPESAS DE EXERCICIOS ANTERIORES;33909239;OUTROS SERVICOS DE TERCEIROS - PJ;FEV/2025;02/2025;-55.245,01;20.580,77;-0,68%;0,25%
339092;DESPESAS DE EXERCICIOS ANTERIORES;33909247;OBRIGACOES TRIBUTARIAS E CONTRIBUTIVAS;FEV/2025;02/2025;-3.303,32;1.651,66;-0,04%;0,02%
339047;OBRIGACOES TRIBUTARIAS E CONTRIBUTIVAS;33904722;CONTRIBUICAO P/ CUSTEIO DE ILUMINACAO PUBLICA;FEV/2025;02/2025;3.303,32;;0,04%;
339040;SERVICOS DE TECNOLOGIA DA INFORMACAO E COMUNICACAO - PJ;33904016;OUTSOURCING DE IMPRESSAO;FEV/2025;02/2025;10.000,00;2.253,06;0,12%;0,03%
339039;OUTROS SERVICOS DE TERCEIROS - PESSOA JURIDICA;33903916;MANUTENCAO E CONSERV. DE BENS IMOVEIS;FEV/2025;02/2025;6.000,00;688;0,07%;0,01%
339039;OUTROS SERVICOS DE TERCEIROS - PESSOA JURIDICA;33903941;FORNECIMENTO DE ALIMENTACAO;FEV/2025;02/2025;100.000,00;;1,23%;
339039;OUTROS SERVICOS DE TERCEIROS - PESSOA JURIDICA;33903943;SERVICOS DE ENERGIA ELETRICA;FEV/2025;02/2025;56.000,00;;0,69%;
339039;OUTROS SERVICOS DE TERCEIROS - PESSOA JURIDICA;33903958;SERVICOS DE TELECOMUNICACOES;FEV/2025;02/2025;2.500,00;675,54;0,03%;0,01%
339039;OUTROS SERVICOS DE TERCEIROS - PESSOA JURIDICA;33903978;LIMPEZA E CONSERVACAO;FEV/2025;02/2025;6.000,00;272,85;0,07%;0,00%
339039;OUTROS SERVICOS DE TERCEIROS - PESSOA JURIDICA;33903996;OUTROS SERV.DE TERCEIROS PJ- PAGTO ANTECIPADO;FEV/2025;02/2025;25.000,00;40.000,00;0,31%;0,49%
339037;LOCACAO DE MAO-DE-OBRA;33903701;APOIO ADMINISTRATIVO, TECNICO E OPERACIONAL;FEV/2025;02/2025;0;53.402,54;0,00%;0,66%
339037;LOCACAO DE MAO-DE-OBRA;33903702;LIMPEZA E CONSERVACAO;FEV/2025;02/2025;200.000,00;100.420,97;2,46%;1,23%
339037;LOCACAO DE MAO-DE-OBRA;33903704;MANUTENCAO E CONSERVACAO DE BENS IMOVEIS;FEV/2025;02/2025;60.000,00;;0,74%;
339030;MATERIAL DE CONSUMO;33903019;MATERIAL DE ACONDICIONAMENTO E EMBALAGEM;FEV/2025;02/2025;828,78;;0,01%;
339030;MATERIAL DE CONSUMO;33903031;SEMENTES, MUDAS DE PLANTAS E INSUMOS;FEV/2025;02/2025;2.107,91;;0,03%;
339030;MATERIAL DE CONSUMO;33903096;MATERIAL DE CONSUMO - PAGTO ANTECIPADO;FEV/2025;02/2025;15.000,00;30.000,00;0,18%;0,37%
339018;AUXILIO FINANCEIRO A ESTUDANTES;33901801;BOLSAS DE ESTUDO NO PAIS;FEV/2025;02/2025;0;0;0,00%;0,00%
339014;DIARIAS - PESSOAL CIVIL;33901414;DIARIAS NO PAIS;FEV/2025;02/2025;10.000,00;;0,12%;
339092;DESPESAS DE EXERCICIOS ANTERIORES;33909239;OUTROS SERVICOS DE TERCEIROS - PJ;MAR/2025;03/2025;0;0;0,00%;0,00%
339047;OBRIGACOES TRIBUTARIAS E CONTRIBUTIVAS;33904710;TAXAS;MAR/2025;03/2025;1.643,07;149,37;0,02%;0,00%
339047;OBRIGACOES TRIBUTARIAS E CONTRIBUTIVAS;33904722;CONTRIBUICAO P/ CUSTEIO DE ILUMINACAO PUBLICA;MAR/2025;03/2025;0;1.651,66;0,00%;0,02%
339040;SERVICOS DE TECNOLOGIA DA INFORMACAO E COMUNICACAO - PJ;33904016;OUTSOURCING DE IMPRESSAO;MAR/2025;03/2025;0;4.111,55;0,00%;0,05%
339039;OUTROS SERVICOS DE TERCEIROS - PESSOA JURIDICA;33903916;MANUTENCAO E CONSERV. DE BENS IMOVEIS;MAR/2025;03/2025;0;688;0,00%;0,01%
339039;OUTROS SERVICOS DE TERCEIROS - PESSOA JURIDICA;33903917;MANUT. E CONSERV. DE MAQUINAS E EQUIPAMENTOS;MAR/2025;03/2025;24.880,00;;0,31%;
339039;OUTROS SERVICOS DE TERCEIROS - PESSOA JURIDICA;33903937;JUROS E MULTA DE MORA;MAR/2025;03/2025;550,53;311,31;0,01%;0,00%
339039;OUTROS SERVICOS DE TERCEIROS - PESSOA JURIDICA;33903944;SERVICOS DE AGUA, ESGOTO E RESIDUOS SOLIDOS;MAR/2025;03/2025;20.000,00;1.991,34;0,25%;0,02%
339039;OUTROS SERVICOS DE TERCEIROS - PESSOA JURIDICA;33903958;SERVICOS DE TELECOMUNICACOES;MAR/2025;03/2025;0;666,6;0,00%;0,01%
339039;OUTROS SERVICOS DE TERCEIROS - PESSOA JURIDICA;33903978;LIMPEZA E CONSERVACAO;MAR/2025;03/2025;10.000,00;1.614,60;0,12%;0,02%
339039;OUTROS SERVICOS DE TERCEIROS - PESSOA JURIDICA;33903996;OUTROS SERV.DE TERCEIROS PJ- PAGTO ANTECIPADO;MAR/2025;03/2025;25.500,00;10.500,00;0,31%;0,13%
339037;LOCACAO DE MAO-DE-OBRA;33903701;APOIO ADMINISTRATIVO, TECNICO E OPERACIONAL;MAR/2025;03/2025;0;54.275,88;0,00%;0,67%
339037;LOCACAO DE MAO-DE-OBRA;33903702;LIMPEZA E CONSERVACAO;MAR/2025;03/2025;200.000,00;99.175,32;2,46%;1,22%
339037;LOCACAO DE MAO-DE-OBRA;33903704;MANUTENCAO E CONSERVACAO DE BENS IMOVEIS;MAR/2025;03/2025;0;23.760,33;0,00%;0,29%
339034;OUTRAS DESP.PESSOAL DEC. CONTRATOS TERCEIRIZ.;33903401;OUTRAS DESPESAS DE PESSOAL - TERCEIRIZACAO;MAR/2025;03/2025;0;1.108,55;0,00%;0,01%
339030;MATERIAL DE CONSUMO;33903006;ALIMENTOS PARA ANIMAIS;MAR/2025;03/2025;77.070,86;9.578,56;0,95%;0,12%
339030;MATERIAL DE CONSUMO;33903012;MATERIAL DE COUDELARIA OU DE USO ZOOTECNICO;MAR/2025;03/2025;9.840,00;;0,12%;
339030;MATERIAL DE CONSUMO;33903016;MATERIAL DE EXPEDIENTE;MAR/2025;03/2025;6.310,00;;0,08%;
339030;MATERIAL DE CONSUMO;33903096;MATERIAL DE CONSUMO - PAGTO ANTECIPADO;MAR/2025;03/2025;16.500,00;1.500,00;0,20%;0,02%
339018;AUXILIO FINANCEIRO A ESTUDANTES;33901801;BOLSAS DE ESTUDO NO PAIS;MAR/2025;03/2025;10.800,00;10.800,00;0,13%;0,13%
339014;DIARIAS - PESSOAL CIVIL;33901414;DIARIAS NO PAIS;MAR/2025;03/2025;0;2.826,26;0,00%;0,03%
339047;OBRIGACOES TRIBUTARIAS E CONTRIBUTIVAS;33904710;TAXAS;ABR2025;04/2025;123;1.616,70;0,00%;0,02%
339047;OBRIGACOES TRIBUTARIAS E CONTRIBUTIVAS;33904722;CONTRIBUICAO P/ CUSTEIO DE ILUMINACAO PUBLICA;ABR2025;04/2025;0;825,83;0,00%;0,01%
339040;SERVICOS DE TECNOLOGIA DA INFORMACAO E COMUNICACAO - PJ;33904016;OUTSOURCING DE IMPRESSAO;ABR2025;04/2025;0;0;0,00%;0,00%
339039;OUTROS SERVICOS DE TERCEIROS - PESSOA JURIDICA;33903916;MANUTENCAO E CONSERV. DE BENS IMOVEIS;ABR2025;04/2025;0;688;0,00%;0,01%
339039;OUTROS SERVICOS DE TERCEIROS - PESSOA JURIDICA;33903917;MANUT. E CONSERV. DE MAQUINAS E EQUIPAMENTOS;ABR2025;04/2025;0;24.880,00;0,00%;0,31%
339039;OUTROS SERVICOS DE TERCEIROS - PESSOA JURIDICA;33903941;FORNECIMENTO DE ALIMENTACAO;ABR2025;04/2025;0;73.752,11;0,00%;0,91%
339039;OUTROS SERVICOS DE TERCEIROS - PESSOA JURIDICA;33903943;SERVICOS DE ENERGIA ELETRICA;ABR2025;04/2025;0;15.680,78;0,00%;0,19%
339039;OUTROS SERVICOS DE TERCEIROS - PESSOA JURIDICA;33903944;SERVICOS DE AGUA, ESGOTO E RESIDUOS SOLIDOS;ABR2025;04/2025;0;9.382,64;0,00%;0,12%
339039;OUTROS SERVICOS DE TERCEIROS - PESSOA JURIDICA;33903958;SERVICOS DE TELECOMUNICACOES;ABR2025;04/2025;0;659,75;0,00%;0,01%
339039;OUTROS SERVICOS DE TERCEIROS - PESSOA JURIDICA;33903969;SEGUROS EM GERAL;ABR2025;04/2025;600;70,62;0,01%;0,00%
339039;OUTROS SERVICOS DE TERCEIROS - PESSOA JURIDICA;33903978;LIMPEZA E CONSERVACAO;ABR2025;04/2025;0;1.614,60;0,00%;0,02%
339039;OUTROS SERVICOS DE TERCEIROS - PESSOA JURIDICA;33903996;OUTROS SERV.DE TERCEIROS PJ- PAGTO ANTECIPADO;ABR2025;04/2025;0;-3.515,00;0,00%;-0,04%
339037;LOCACAO DE MAO-DE-OBRA;33903701;APOIO ADMINISTRATIVO, TECNICO E OPERACIONAL;ABR2025;04/2025;0;58.805,90;0,00%;0,72%
339037;LOCACAO DE MAO-DE-OBRA;33903702;LIMPEZA E CONSERVACAO;ABR2025;04/2025;0;100.420,96;0,00%;1,23%
339037;LOCACAO DE MAO-DE-OBRA;33903704;MANUTENCAO E CONSERVACAO DE BENS IMOVEIS;ABR2025;04/2025;0;30.086,77;0,00%;0,37%
339034;OUTRAS DESP.PESSOAL DEC. CONTRATOS TERCEIRIZ.;33903401;OUTRAS DESPESAS DE PESSOAL - TERCEIRIZACAO;ABR2025;04/2025;1.108,55;0;0,01%;0,00%
339033;PASSAGENS E DESPESAS COM LOCOMOCAO;33903305;LOCOMOCAO URBANA;ABR2025;04/2025;19.183,99;695,13;0,24%;0,01%
339030;MATERIAL DE CONSUMO;33903006;ALIMENTOS PARA ANIMAIS;ABR2025;04/2025;0;0;0,00%;0,00%
339030;MATERIAL DE CONSUMO;33903011;MATERIAL QUIMICO;ABR2025;04/2025;4.681,70;1.770,00;0,06%;0,02%
339030;MATERIAL DE CONSUMO;33903012;MATERIAL DE COUDELARIA OU DE USO ZOOTECNICO;ABR2025;04/2025;0;4.920,00;0,00%;0,06%
339030;MATERIAL DE CONSUMO;33903016;MATERIAL DE EXPEDIENTE;ABR2025;04/2025;0;6.310,00;0,00%;0,08%
339030;MATERIAL DE CONSUMO;33903019;MATERIAL DE ACONDICIONAMENTO E EMBALAGEM;ABR2025;04/2025;83,4;;0,00%;
339030;MATERIAL DE CONSUMO;33903024;MATERIAL P/ MANUT.DE BENS IMOVEIS/INSTALACOES;ABR2025;04/2025;4.300,00;;0,05%;
339030;MATERIAL DE CONSUMO;33903031;SEMENTES, MUDAS DE PLANTAS E INSUMOS;ABR2025;04/2025;10.109,70;2.976,50;0,12%;0,04%
339030;MATERIAL DE CONSUMO;33903042;FERRAMENTAS;ABR2025;04/2025;1.666,40;;0,02%;
339018;AUXILIO FINANCEIRO A ESTUDANTES;33901801;BOLSAS DE ESTUDO NO PAIS;ABR2025;04/2025;85.000,00;8.500,00;1,04%;0,10%
339014;DIARIAS - PESSOAL CIVIL;33901414;DIARIAS NO PAIS;ABR2025;04/2025;20.000,00;12.598,21;0,25%;0,15%
339048;OUTROS AUXILIOS FINANCEIROS A PESSOA FISICA;33904801;AUXILIO A PESSOAS FISICAS;MAI/2025;05/2025;2.500,00;2.500,00;0,03%;0,03%
339047;OBRIGACOES TRIBUTARIAS E CONTRIBUTIVAS;33904710;TAXAS;MAI/2025;05/2025;200,82;200,82;0,00%;0,00%
339040;SERVICOS DE TECNOLOGIA DA INFORMACAO E COMUNICACAO - PJ;33904016;OUTSOURCING DE IMPRESSAO;MAI/2025;05/2025;0;9.118,35;0,00%;0,11%
339039;OUTROS SERVICOS DE TERCEIROS - PESSOA JURIDICA;33903916;MANUTENCAO E CONSERV. DE BENS IMOVEIS;MAI/2025;05/2025;244.148,00;4.678,00;3,00%;0,06%
339039;OUTROS SERVICOS DE TERCEIROS - PESSOA JURIDICA;33903917;MANUT. E CONSERV. DE MAQUINAS E EQUIPAMENTOS;MAI/2025;05/2025;2.940,00;2.940,00;0,04%;0,04%
339039;OUTROS SERVICOS DE TERCEIROS - PESSOA JURIDICA;33903941;FORNECIMENTO DE ALIMENTACAO;MAI/2025;05/2025;0;109.768,27;0,00%;1,35%
339039;OUTROS SERVICOS DE TERCEIROS - PESSOA JURIDICA;33903943;SERVICOS DE ENERGIA ELETRICA;MAI/2025;05/2025;0;0;0,00%;0,00%
339039;OUTROS SERVICOS DE TERCEIROS - PESSOA JURIDICA;33903944;SERVICOS DE AGUA, ESGOTO E RESIDUOS SOLIDOS;MAI/2025;05/2025;0;7.891,12;0,00%;0,10%
339039;OUTROS SERVICOS DE TERCEIROS - PESSOA JURIDICA;33903947;SERVICOS DE COMUNICACAO EM GERAL;MAI/2025;05/2025;500;;0,01%;
339039;OUTROS SERVICOS DE TERCEIROS - PESSOA JURIDICA;33903958;SERVICOS DE TELECOMUNICACOES;MAI/2025;05/2025;0;627;0,00%;0,01%
339039;OUTROS SERVICOS DE TERCEIROS - PESSOA JURIDICA;33903969;SEGUROS EM GERAL;MAI/2025;05/2025;0;83,46;0,00%;0,00%
339039;OUTROS SERVICOS DE TERCEIROS - PESSOA JURIDICA;33903978;LIMPEZA E CONSERVACAO;MAI/2025;05/2025;9.555,00;11.255,20;0,12%;0,14%
339039;OUTROS SERVICOS DE TERCEIROS - PESSOA JURIDICA;33903996;OUTROS SERV.DE TERCEIROS PJ- PAGTO ANTECIPADO;MAI/2025;05/2025;-13.348,72;-13.348,72;-0,16%;-0,16%
339037;LOCACAO DE MAO-DE-OBRA;33903701;APOIO ADMINISTRATIVO, TECNICO E OPERACIONAL;MAI/2025;05/2025;0;72.499,00;0,00%;0,89%
339037;LOCACAO DE MAO-DE-OBRA;33903702;LIMPEZA E CONSERVACAO;MAI/2025;05/2025;105.000,00;133.021,87;1,29%;1,63%
339037;LOCACAO DE MAO-DE-OBRA;33903704;MANUTENCAO E CONSERVACAO DE BENS IMOVEIS;MAI/2025;05/2025;0;23.177,62;0,00%;0,28%
339034;OUTRAS DESP.PESSOAL DEC. CONTRATOS TERCEIRIZ.;33903401;OUTRAS DESPESAS DE PESSOAL - TERCEIRIZACAO;MAI/2025;05/2025;157.190,57;101.929,45;1,93%;1,25%
339033;PASSAGENS E DESPESAS COM LOCOMOCAO;33903305;LOCOMOCAO URBANA;MAI/2025;05/2025;878,9;4.370,54;0,01%;0,05%
339030;MATERIAL DE CONSUMO;33903004;GAS E OUTROS MATERIAIS ENGARRAFADOS;MAI/2025;05/2025;2.445,00;;0,03%;
339030;MATERIAL DE CONSUMO;33903006;ALIMENTOS PARA ANIMAIS;MAI/2025;05/2025;0;9.382,96;0,00%;0,12%
339030;MATERIAL DE CONSUMO;33903011;MATERIAL QUIMICO;MAI/2025;05/2025;888,38;1.640,08;0,01%;0,02%
339030;MATERIAL DE CONSUMO;33903017;MATERIAL DE TIC - MATERIAL DE CONSUMO;MAI/2025;05/2025;179,9;179,9;0,00%;0,00%
339030;MATERIAL DE CONSUMO;33903024;MATERIAL P/ MANUT.DE BENS IMOVEIS/INSTALACOES;MAI/2025;05/2025;998,28;4.300,00;0,01%;0,05%
339030;MATERIAL DE CONSUMO;33903031;SEMENTES, MUDAS DE PLANTAS E INSUMOS;MAI/2025;05/2025;0;6.553,20;0,00%;0,08%
339030;MATERIAL DE CONSUMO;33903042;FERRAMENTAS;MAI/2025;05/2025;0;857,4;0,00%;0,01%
339030;MATERIAL DE CONSUMO;33903096;MATERIAL DE CONSUMO - PAGTO ANTECIPADO;MAI/2025;05/2025;2.068,00;2.068,00;0,03%;0,03%
339018;AUXILIO FINANCEIRO A ESTUDANTES;33901801;BOLSAS DE ESTUDO NO PAIS;MAI/2025;05/2025;205.400,00;40.940,01;2,52%;0,50%
339014;DIARIAS - PESSOAL CIVIL;33901414;DIARIAS NO PAIS;MAI/2025;05/2025;0;4.897,19;0,00%;0,06%
339047;OBRIGACOES TRIBUTARIAS E CONTRIBUTIVAS;33904722;CONTRIBUICAO P/ CUSTEIO DE ILUMINACAO PUBLICA;JUN/2025;06/2025;-825,83;;-0,01%;
339040;SERVICOS DE TECNOLOGIA DA INFORMACAO E COMUNICACAO - PJ;33904016;OUTSOURCING DE IMPRESSAO;JUN/2025;06/2025;7.500,00;4.299,93;0,09%;0,05%
339039;OUTROS SERVICOS DE TERCEIROS - PESSOA JURIDICA;33903916;MANUTENCAO E CONSERV. DE BENS IMOVEIS;JUN/2025;06/2025;2.932,00;152.479,70;0,04%;1,87%
339039;OUTROS SERVICOS DE TERCEIROS - PESSOA JURIDICA;33903937;JUROS E MULTA DE MORA;JUN/2025;06/2025;0;41,69;0,00%;0,00%
339039;OUTROS SERVICOS DE TERCEIROS - PESSOA JURIDICA;33903941;FORNECIMENTO DE ALIMENTACAO;JUN/2025;06/2025;300.000,00;95.587,15;3,69%;1,17%
339039;OUTROS SERVICOS DE TERCEIROS - PESSOA JURIDICA;33903943;SERVICOS DE ENERGIA ELETRICA;JUN/2025;06/2025;-40.319,22;;-0,50%;
339039;OUTROS SERVICOS DE TERCEIROS - PESSOA JURIDICA;33903944;SERVICOS DE AGUA, ESGOTO E RESIDUOS SOLIDOS;JUN/2025;06/2025;20.000,00;9.395,21;0,25%;0,12%
339039;OUTROS SERVICOS DE TERCEIROS - PESSOA JURIDICA;33903958;SERVICOS DE TELECOMUNICACOES;JUN/2025;06/2025;2.000,00;648,84;0,02%;0,01%
339039;OUTROS SERVICOS DE TERCEIROS - PESSOA JURIDICA;33903969;SEGUROS EM GERAL;JUN/2025;06/2025;0;83,46;0,00%;0,00%
339039;OUTROS SERVICOS DE TERCEIROS - PESSOA JURIDICA;33903978;LIMPEZA E CONSERVACAO;JUN/2025;06/2025;0;1.614,60;0,00%;0,02%
339039;OUTROS SERVICOS DE TERCEIROS - PESSOA JURIDICA;33903996;OUTROS SERV.DE TERCEIROS PJ- PAGTO ANTECIPADO;JUN/2025;06/2025;15.985,00;19.500,00;0,20%;0,24%
339037;LOCACAO DE MAO-DE-OBRA;33903701;APOIO ADMINISTRATIVO, TECNICO E OPERACIONAL;JUN/2025;06/2025;170.000,00;58.168,13;2,09%;0,71%
339037;LOCACAO DE MAO-DE-OBRA;33903702;LIMPEZA E CONSERVACAO;JUN/2025;06/2025;80.000,00;0;0,98%;0,00%
339037;LOCACAO DE MAO-DE-OBRA;33903704;MANUTENCAO E CONSERVACAO DE BENS IMOVEIS;JUN/2025;06/2025;50.000,00;27.280,84;0,61%;0,34%
339034;OUTRAS DESP.PESSOAL DEC. CONTRATOS TERCEIRIZ.;33903401;OUTRAS DESPESAS DE PESSOAL - TERCEIRIZACAO;JUN/2025;06/2025;0;35.308,51;0,00%;0,43%
339033;PASSAGENS E DESPESAS COM LOCOMOCAO;33903305;LOCOMOCAO URBANA;JUN/2025;06/2025;5.200,00;4.386,51;0,06%;0,05%
339030;MATERIAL DE CONSUMO;33903011;MATERIAL QUIMICO;JUN/2025;06/2025;0;1.375,00;0,00%;0,02%
339030;MATERIAL DE CONSUMO;33903016;MATERIAL DE EXPEDIENTE;JUN/2025;06/2025;9.465,00;6.310,00;0,12%;0,08%
339030;MATERIAL DE CONSUMO;33903018;MATERIAIS E MEDICAMENTOS P/ USO VETERINARIO;JUN/2025;06/2025;3.899,89;1.643,84;0,05%;0,02%
339030;MATERIAL DE CONSUMO;33903019;MATERIAL DE ACONDICIONAMENTO E EMBALAGEM;JUN/2025;06/2025;214,2;83,4;0,00%;0,00%
339030;MATERIAL DE CONSUMO;33903022;MATERIAL DE LIMPEZA E PROD. DE HIGIENIZACAO;JUN/2025;06/2025;194,85;194,85;0,00%;0,00%
339030;MATERIAL DE CONSUMO;33903024;MATERIAL P/ MANUT.DE BENS IMOVEIS/INSTALACOES;JUN/2025;06/2025;17.369,90;1.119,00;0,21%;0,01%
339030;MATERIAL DE CONSUMO;33903031;SEMENTES, MUDAS DE PLANTAS E INSUMOS;JUN/2025;06/2025;0;0;0,00%;0,00%
339030;MATERIAL DE CONSUMO;33903036;MATERIAL HOSPITALAR;JUN/2025;06/2025;2.802,82;2.133,97;0,03%;0,03%
339030;MATERIAL DE CONSUMO;33903042;FERRAMENTAS;JUN/2025;06/2025;21.534,02;809;0,26%;0,01%
339030;MATERIAL DE CONSUMO;33903096;MATERIAL DE CONSUMO - PAGTO ANTECIPADO;JUN/2025;06/2025;9.568,28;9.568,28;0,12%;0,12%
339018;AUXILIO FINANCEIRO A ESTUDANTES;33901801;BOLSAS DE ESTUDO NO PAIS;JUN/2025;06/2025;211.678,00;208.638,00;2,60%;2,56%
339014;DIARIAS - PESSOAL CIVIL;33901414;DIARIAS NO PAIS;JUN/2025;06/2025;15.000,00;6.281,64;0,18%;0,08%
449052;EQUIPAMENTOS E MATERIAL PERMANENTE;44905243;EQUIPAMENTOS DE TIC - SERVIDORES/STORAGE;JUL/2025;07/2025;69.100,00;;0,85%;
339147;OBRIG.TRIBUT.E CONTRIB-OP.INTRA-ORCAMENTARIAS;33914718;CONTRIBUICAO PREVIDENCIARIA - SERVICOS TERCEIROS (PF);JUL/2025;07/2025;0;6.000,00;0,00%;0,07%
339093;INDENIZACOES E RESTITUICOES;33909314;RESSARCIMENTO DE PASSAGENS E DESP.C/LOCOMOCAO;JUL/2025;07/2025;1.000,00;83,18;0,01%;0,00%
339047;OBRIGACOES TRIBUTARIAS E CONTRIBUTIVAS;33904710;TAXAS;JUL/2025;07/2025;11.829,08;11.829,08;0,15%;0,15%
339047;OBRIGACOES TRIBUTARIAS E CONTRIBUTIVAS;33904722;CONTRIBUICAO P/ CUSTEIO DE ILUMINACAO PUBLICA;JUL/2025;07/2025;8.000,00;;0,10%;
339040;SERVICOS DE TECNOLOGIA DA INFORMACAO E COMUNICACAO - PJ;33904016;OUTSOURCING DE IMPRESSAO;JUL/2025;07/2025;7.000,00;4.389,94;0,09%;0,05%
339039;OUTROS SERVICOS DE TERCEIROS - PESSOA JURIDICA;33903916;MANUTENCAO E CONSERV. DE BENS IMOVEIS;JUL/2025;07/2025;0;87.678,30;0,00%;1,08%
339039;OUTROS SERVICOS DE TERCEIROS - PESSOA JURIDICA;33903937;JUROS E MULTA DE MORA;JUL/2025;07/2025;41,69;0;0,00%;0,00%
339039;OUTROS SERVICOS DE TERCEIROS - PESSOA JURIDICA;33903941;FORNECIMENTO DE ALIMENTACAO;JUL/2025;07/2025;297.829,88;102.037,59;3,66%;1,25%
339039;OUTROS SERVICOS DE TERCEIROS - PESSOA JURIDICA;33903943;SERVICOS DE ENERGIA ELETRICA;JUL/2025;07/2025;50.000,00;;0,61%;
339039;OUTROS SERVICOS DE TERCEIROS - PESSOA JURIDICA;33903944;SERVICOS DE AGUA, ESGOTO E RESIDUOS SOLIDOS;JUL/2025;07/2025;5.000,00;7.079,28;0,06%;0,09%
339039;OUTROS SERVICOS DE TERCEIROS - PESSOA JURIDICA;33903958;SERVICOS DE TELECOMUNICACOES;JUL/2025;07/2025;0;622,27;0,00%;0,01%
339039;OUTROS SERVICOS DE TERCEIROS - PESSOA JURIDICA;33903969;SEGUROS EM GERAL;JUL/2025;07/2025;0;82,68;0,00%;0,00%
339039;OUTROS SERVICOS DE TERCEIROS - PESSOA JURIDICA;33903978;LIMPEZA E CONSERVACAO;JUL/2025;07/2025;16.325,31;17.908,97;0,20%;0,22%
339037;LOCACAO DE MAO-DE-OBRA;33903701;APOIO ADMINISTRATIVO, TECNICO E OPERACIONAL;JUL/2025;07/2025;120.000,00;58.805,90;1,47%;0,72%
339037;LOCACAO DE MAO-DE-OBRA;33903702;LIMPEZA E CONSERVACAO;JUL/2025;07/2025;200.000,00;48.126,63;2,46%;0,59%
339037;LOCACAO DE MAO-DE-OBRA;33903704;MANUTENCAO E CONSERVACAO DE BENS IMOVEIS;JUL/2025;07/2025;40.000,00;27.280,84;0,49%;0,34%
339036;OUTROS SERVICOS DE TERCEIROS - PESSOA FISICA;33903633;SERVICOS DE SELECAO E TREINAMENTO;JUL/2025;07/2025;0;30.000,00;0,00%;0,37%
339034;OUTRAS DESP.PESSOAL DEC. CONTRATOS TERCEIRIZ.;33903401;OUTRAS DESPESAS DE PESSOAL - TERCEIRIZACAO;JUL/2025;07/2025;0;35.443,96;0,00%;0,44%
339033;PASSAGENS E DESPESAS COM LOCOMOCAO;33903305;LOCOMOCAO URBANA;JUL/2025;07/2025;0;4.075,50;0,00%;0,05%
339030;MATERIAL DE CONSUMO;33903004;GAS E OUTROS MATERIAIS ENGARRAFADOS;JUL/2025;07/2025;0;456,4;0,00%;0,01%
339030;MATERIAL DE CONSUMO;33903006;ALIMENTOS PARA ANIMAIS;JUL/2025;07/2025;0;15.657,49;0,00%;0,19%
339030;MATERIAL DE CONSUMO;33903011;MATERIAL QUIMICO;JUL/2025;07/2025;0;0;0,00%;0,00%
339030;MATERIAL DE CONSUMO;33903016;MATERIAL DE EXPEDIENTE;JUL/2025;07/2025;0;0;0,00%;0,00%
339030;MATERIAL DE CONSUMO;33903018;MATERIAIS E MEDICAMENTOS P/ USO VETERINARIO;JUL/2025;07/2025;0;1.513,03;0,00%;0,02%
339030;MATERIAL DE CONSUMO;33903019;MATERIAL DE ACONDICIONAMENTO E EMBALAGEM;JUL/2025;07/2025;0;0;0,00%;0,00%
339030;MATERIAL DE CONSUMO;33903022;MATERIAL DE LIMPEZA E PROD. DE HIGIENIZACAO;JUL/2025;07/2025;0;0;0,00%;0,00%
339030;MATERIAL DE CONSUMO;33903024;MATERIAL P/ MANUT.DE BENS IMOVEIS/INSTALACOES;JUL/2025;07/2025;1.932,00;15.556,35;0,02%;0,19%
339030;MATERIAL DE CONSUMO;33903036;MATERIAL HOSPITALAR;JUL/2025;07/2025;0;35;0,00%;0,00%
339030;MATERIAL DE CONSUMO;33903042;FERRAMENTAS;JUL/2025;07/2025;0;7.664,77;0,00%;0,09%
339030;MATERIAL DE CONSUMO;33903044;MATERIAL DE SINALIZACAO VISUAL E OUTROS;JUL/2025;07/2025;2.920,00;928;0,04%;0,01%
339030;MATERIAL DE CONSUMO;33903059;MATERIAL PARA DIVULGACAO;JUL/2025;07/2025;22.451,92;;0,28%;
339018;AUXILIO FINANCEIRO A ESTUDANTES;33901801;BOLSAS DE ESTUDO NO PAIS;JUL/2025;07/2025;224.900,00;23.854,70;2,76%;0,29%
339014;DIARIAS - PESSOAL CIVIL;33901414;DIARIAS NO PAIS;JUL/2025;07/2025;50.000,00;2.318,67;0,61%;0,03%
449052;EQUIPAMENTOS E MATERIAL PERMANENTE;44905237;EQUIPAMENTOS DE TIC - ATIVOS DE REDE;AGO/2025;08/2025;16.100,00;;0,20%;
339147;OBRIG.TRIBUT.E CONTRIB-OP.INTRA-ORCAMENTARIAS;33914718;CONTRIBUICAO PREVIDENCIARIA - SERVICOS TERCEIROS (PF);AGO/2025;08/2025;26.198,43;0;0,32%;0,00%
339093;INDENIZACOES E RESTITUICOES;33909314;RESSARCIMENTO DE PASSAGENS E DESP.C/LOCOMOCAO;AGO/2025;08/2025;0;0;0,00%;0,00%
339047;OBRIGACOES TRIBUTARIAS E CONTRIBUTIVAS;33904722;CONTRIBUICAO P/ CUSTEIO DE ILUMINACAO PUBLICA;AGO/2025;08/2025;0;129,15;0,00%;0,00%
339040;SERVICOS DE TECNOLOGIA DA INFORMACAO E COMUNICACAO - PJ;33904016;OUTSOURCING DE IMPRESSAO;AGO/2025;08/2025;27.500,00;0;0,34%;0,00%
339039;OUTROS SERVICOS DE TERCEIROS - PESSOA JURIDICA;33903916;MANUTENCAO E CONSERV. DE BENS IMOVEIS;AGO/2025;08/2025;1.466,00;733;0,02%;0,01%
339039;OUTROS SERVICOS DE TERCEIROS - PESSOA JURIDICA;33903941;FORNECIMENTO DE ALIMENTACAO;AGO/2025;08/2025;195.000,00;0;2,40%;0,00%
339039;OUTROS SERVICOS DE TERCEIROS - PESSOA JURIDICA;33903943;SERVICOS DE ENERGIA ELETRICA;AGO/2025;08/2025;60.000,00;;0,74%;
339039;OUTROS SERVICOS DE TERCEIROS - PESSOA JURIDICA;33903944;SERVICOS DE AGUA, ESGOTO E RESIDUOS SOLIDOS;AGO/2025;08/2025;30.000,00;10.345,52;0,37%;0,13%
339039;OUTROS SERVICOS DE TERCEIROS - PESSOA JURIDICA;33903948;SERVICO DE SELECAO E TREINAMENTO;AGO/2025;08/2025;650;;0,01%;
339039;OUTROS SERVICOS DE TERCEIROS - PESSOA JURIDICA;33903958;SERVICOS DE TELECOMUNICACOES;AGO/2025;08/2025;1.400,00;649,35;0,02%;0,01%
339039;OUTROS SERVICOS DE TERCEIROS - PESSOA JURIDICA;33903969;SEGUROS EM GERAL;AGO/2025;08/2025;300;83,93;0,00%;0,00%
339039;OUTROS SERVICOS DE TERCEIROS - PESSOA JURIDICA;33903978;LIMPEZA E CONSERVACAO;AGO/2025;08/2025;0;0;0,00%;0,00%
339037;LOCACAO DE MAO-DE-OBRA;33903701;APOIO ADMINISTRATIVO, TECNICO E OPERACIONAL;AGO/2025;08/2025;130.000,00;0;1,60%;0,00%
339037;LOCACAO DE MAO-DE-OBRA;33903702;LIMPEZA E CONSERVACAO;AGO/2025;08/2025;260.000,00;0;3,19%;0,00%
339037;LOCACAO DE MAO-DE-OBRA;33903704;MANUTENCAO E CONSERVACAO DE BENS IMOVEIS;AGO/2025;08/2025;95.000,00;0;1,17%;0,00%
339036;OUTROS SERVICOS DE TERCEIROS - PESSOA FISICA;33903602;DIARIAS A COLABORADORES EVENTUAIS NO PAIS;AGO/2025;08/2025;1.000,00;502,5;0,01%;0,01%
339036;OUTROS SERVICOS DE TERCEIROS - PESSOA FISICA;33903633;SERVICOS DE SELECAO E TREINAMENTO;AGO/2025;08/2025;32.000,00;187,92;0,39%;0,00%
339034;OUTRAS DESP.PESSOAL DEC. CONTRATOS TERCEIRIZ.;33903401;OUTRAS DESPESAS DE PESSOAL - TERCEIRIZACAO;AGO/2025;08/2025;52.396,86;0;0,64%;0,00%
339032;MATERIAL, BEM OU SERVICO P/ DISTRIB. GRATUITA;33903203;MATERIAL DESTINADO A ASSISTENCIA SOCIAL;AGO/2025;08/2025;184.140,36;;2,26%;
339030;MATERIAL DE CONSUMO;33903006;ALIMENTOS PARA ANIMAIS;AGO/2025;08/2025;0;17.128,00;0,00%;0,21%
339030;MATERIAL DE CONSUMO;33903011;MATERIAL QUIMICO;AGO/2025;08/2025;0;0;0,00%;0,00%
339030;MATERIAL DE CONSUMO;33903017;MATERIAL DE TIC - MATERIAL DE CONSUMO;AGO/2025;08/2025;10.097,31;;0,12%;
339030;MATERIAL DE CONSUMO;33903018;MATERIAIS E MEDICAMENTOS P/ USO VETERINARIO;AGO/2025;08/2025;2.671,00;181,65;0,03%;0,00%
339030;MATERIAL DE CONSUMO;33903024;MATERIAL P/ MANUT.DE BENS IMOVEIS/INSTALACOES;AGO/2025;08/2025;0;0;0,00%;0,00%
339030;MATERIAL DE CONSUMO;33903031;SEMENTES, MUDAS DE PLANTAS E INSUMOS;AGO/2025;08/2025;2.538,00;;0,03%;
339030;MATERIAL DE CONSUMO;33903036;MATERIAL HOSPITALAR;AGO/2025;08/2025;0;123,43;0,00%;0,00%
339030;MATERIAL DE CONSUMO;33903042;FERRAMENTAS;AGO/2025;08/2025;264;2.431,61;0,00%;0,03%
339030;MATERIAL DE CONSUMO;33903044;MATERIAL DE SINALIZACAO VISUAL E OUTROS;AGO/2025;08/2025;0;432;0,00%;0,01%
339030;MATERIAL DE CONSUMO;33903059;MATERIAL PARA DIVULGACAO;AGO/2025;08/2025;0;291;0,00%;0,00%
339018;AUXILIO FINANCEIRO A ESTUDANTES;33901801;BOLSAS DE ESTUDO NO PAIS;AGO/2025;08/2025;0;138.250,74;0,00%;1,70%
339014;DIARIAS - PESSOAL CIVIL;33901414;DIARIAS NO PAIS;AGO/2025;08/2025;5.000,00;26.257,17;0,06%;0,32%
